drug_name,drug_ingredient,drug_category,food_name,food_category,risk_level,interaction_mechanism,clinical_effect,recommendation,alternative_food,source
암로디핀,암로디핀베실산염,칼슘채널차단제(혈압약),자몽,과일,danger,자몽의 푸라노쿠마린이 CYP3A4 효소를 억제하여 약물 대사를 방해,혈중 약물 농도 2-3배 상승으로 저혈압/어지러움/두통 위험 증가,자몽 및 자몽주스 섭취를 완전히 피하세요,오렌지/사과/배/포도,FDA Drug Interactions Guide
암로디핀,암로디핀베실산염,칼슘채널차단제(혈압약),자몽주스,음료,danger,자몽의 푸라노쿠마린이 CYP3A4 효소를 억제하여 약물 대사를 방해,혈중 약물 농도 2-3배 상승으로 저혈압/어지러움/두통 위험 증가,자몽주스 대신 다른 과일주스를 선택하세요,오렌지주스/사과주스/포도주스,FDA Drug Interactions Guide
암로디핀,암로디핀베실산염,칼슘채널차단제(혈압약),술,알코올,caution,알코올이 혈관 확장 효과를 증가시켜 혈압 강하 작용 강화,과도한 혈압 저하로 어지러움/실신 위험,음주를 피하거나 소량만 섭취하고 4시간 이상 간격 유지,무알코올 음료,약학정보원
암로디핀,암로디핀베실산염,칼슘채널차단제(혈압약),맥주,알코올,caution,알코올이 혈관 확장 효과를 증가시켜 혈압 강하 작용 강화,과도한 혈압 저하로 어지러움/실신 위험,맥주 섭취를 1잔 이하로 제한하세요,무알코올 맥주,약학정보원
암로디핀,암로디핀베실산염,칼슘채널차단제(혈압약),사과,과일,safe,알려진 상호작용 없음,해당 없음,안심하고 드셔도 됩니다,-,DrugBank
암로디핀,암로디핀베실산염,칼슘채널차단제(혈압약),오렌지,과일,safe,알려진 상호작용 없음,해당 없음,안심하고 드셔도 됩니다,-,DrugBank
암로디핀,암로디핀베실산염,칼슘채널차단제(혈압약),바나나,과일,safe,알려진 상호작용 없음,해당 없음,안심하고 드셔도 됩니다,-,DrugBank
암로디핀,암로디핀베실산염,칼슘채널차단제(혈압약),우유,유제품,safe,알려진 상호작용 없음,해당 없음,안심하고 드셔도 됩니다,-,DrugBank
암로디핀,암로디핀베실산염,칼슘채널차단제(혈압약),커피,카페인음료,caution,카페인이 일시적으로 혈압을 상승시킬 수 있음,약물의 혈압 강하 효과 감소 가능,하루 2잔 이하로 제한하고 복용 후 1시간 후 섭취 권장,디카페인 커피,PubMed Research
와파린,와파린나트륨,항응고제,청국장,발효식품,danger,청국장의 높은 비타민K가 와파린의 항응고 작용을 방해,혈전 형성 위험 증가/INR 수치 급격히 감소,청국장 섭취를 완전히 피하세요,두부/순두부,식약처 DUR
와파린,와파린나트륨,항응고제,낫토,발효식품,danger,낫토의 높은 비타민K가 와파린의 항응고 작용을 방해,혈전 형성 위험 증가/INR 수치 급격히 감소,낫토 섭취를 완전히 피하세요,두부/순두부,식약처 DUR
와파린,와파린나트륨,항응고제,시금치,녹색채소,warning,시금치의 비타민K가 와파린의 항응고 작용을 감소시킴,INR 수치 변동으로 출혈 또는 혈전 위험,일정한 양을 규칙적으로 섭취하고 급격한 섭취량 변화 피하기,양배추/당근,식약처 DUR
와파린,와파린나트륨,항응고제,브로콜리,녹색채소,warning,브로콜리의 비타민K가 와파린의 항응고 작용을 감소시킴,INR 수치 변동으로 출혈 또는 혈전 위험,일정한 양을 규칙적으로 섭취하고 급격한 섭취량 변화 피하기,콩나물/숙주,식약처 DUR
와파린,와파린나트륨,항응고제,케일,녹색채소,warning,케일의 높은 비타민K가 와파린의 항응고 작용을 감소시킴,INR 수치 변동으로 출혈 또는 혈전 위험,소량만 섭취하거나 피하세요,양상추/오이,식약처 DUR
와파린,와파린나트륨,항응고제,녹차,차류,caution,녹차의 비타민K가 와파린 효과에 영향,INR 수치 변동 가능,하루 1-2잔으로 제한하고 일정하게 유지,보리차/옥수수차,약학정보원
와파린,와파린나트륨,항응고제,크랜베리주스,음료,warning,크랜베리가 와파린 대사를 억제하여 출혈 위험 증가,INR 수치 상승으로 출혈 위험 증가,크랜베리주스 섭취를 피하거나 최소화하세요,사과주스/포도주스,FDA Drug Interactions Guide
와파린,와파린나트륨,항응고제,마늘,향신료,caution,마늘이 항응고 작용을 강화시킬 수 있음,출혈 위험 약간 증가,조리용 소량은 괜찮으나 마늘 보충제는 피하세요,-,PubMed Research
와파린,와파린나트륨,항응고제,술,알코올,warning,알코올이 와파린 대사에 영향을 미쳐 효과 변동,급성 음주시 INR 상승/만성 음주시 INR 감소,음주를 피하거나 최소화하세요,무알코올 음료,식약처 DUR
메트포르민,메트포르민염산염,당뇨병치료제,술,알코올,danger,알코올이 젖산 축적을 촉진하여 젖산산증 위험 증가,심각한 젖산산증으로 생명 위협 가능,음주를 완전히 피하세요,무알코올 음료,FDA Drug Interactions Guide
메트포르민,메트포르민염산염,당뇨병치료제,맥주,알코올,danger,알코올이 젖산 축적을 촉진하여 젖산산증 위험 증가,심각한 젖산산증으로 생명 위협 가능,맥주를 포함한 모든 알코올 음료를 피하세요,무알코올 맥주,FDA Drug Interactions Guide
메트포르민,메트포르민염산염,당뇨병치료제,자몽,과일,safe,알려진 상호작용 없음,해당 없음,안심하고 드셔도 됩니다,-,DrugBank
메트포르민,메트포르민염산염,당뇨병치료제,우유,유제품,safe,알려진 상호작용 없음,해당 없음,안심하고 드셔도 됩니다,-,DrugBank
메트포르민,메트포르민염산염,당뇨병치료제,고당분음식,당분,caution,고당분 섭취가 혈당 조절을 어렵게 함,약물의 혈당 강하 효과 감소,당분 섭취를 제한하세요,저당 과일/채소,약학정보원
로수바스타틴,로수바스타틴칼슘,스타틴(고지혈증약),자몽,과일,caution,자몽이 CYP3A4를 억제하나 로수바스타틴은 영향 적음,다른 스타틴보다 영향 적으나 주의 필요,대량 섭취는 피하고 적정량 유지,오렌지/사과,DrugBank
로수바스타틴,로수바스타틴칼슘,스타틴(고지혈증약),자몽주스,음료,caution,자몽이 CYP3A4를 억제하나 로수바스타틴은 영향 적음,다른 스타틴보다 영향 적으나 주의 필요,하루 200ml 이하로 제한,오렌지주스/사과주스,DrugBank
로수바스타틴,로수바스타틴칼슘,스타틴(고지혈증약),술,알코올,warning,알코올이 간 기능에 부담을 주어 근육 손상 위험 증가,근육통/횡문근융해증 위험 증가,음주를 피하거나 최소화하세요,무알코올 음료,약학정보원
로수바스타틴,로수바스타틴칼슘,스타틴(고지혈증약),오트밀,곡물,safe,알려진 상호작용 없음/콜레스테롤 저하에 도움,해당 없음,안심하고 드셔도 됩니다. 오히려 권장됩니다.,-,DrugBank
심바스타틴,심바스타틴,스타틴(고지혈증약),자몽,과일,danger,자몽의 푸라노쿠마린이 CYP3A4를 억제하여 약물 농도 급상승,횡문근융해증/근육 손상/신장 손상 위험,자몽 및 자몽주스를 완전히 피하세요,오렌지/사과/배,FDA Drug Interactions Guide
심바스타틴,심바스타틴,스타틴(고지혈증약),자몽주스,음료,danger,자몽의 푸라노쿠마린이 CYP3A4를 억제하여 약물 농도 급상승,횡문근융해증/근육 손상/신장 손상 위험,자몽주스를 완전히 피하세요,오렌지주스/사과주스,FDA Drug Interactions Guide
심바스타틴,심바스타틴,스타틴(고지혈증약),술,알코올,warning,알코올이 간 독성을 증가시킴,간 손상/근육 손상 위험 증가,음주를 피하거나 최소화하세요,무알코올 음료,약학정보원
아토르바스타틴,아토르바스타틴칼슘,스타틴(고지혈증약),자몽,과일,warning,자몽이 CYP3A4를 억제하여 약물 농도 상승,근육통/횡문근융해증 위험 증가,자몽 섭취를 최소화하거나 피하세요,오렌지/사과,FDA Drug Interactions Guide
아토르바스타틴,아토르바스타틴칼슘,스타틴(고지혈증약),자몽주스,음료,warning,자몽이 CYP3A4를 억제하여 약물 농도 상승,근육통/횡문근융해증 위험 증가,자몽주스를 피하세요,오렌지주스/사과주스,FDA Drug Interactions Guide
아스피린,아세틸살리실산,해열진통소염제,술,알코올,danger,알코올과 아스피린 모두 위장 점막 손상 유발,위장 출혈 위험 현저히 증가,음주 시 아스피린 복용을 피하세요,무알코올 음료,FDA Drug Interactions Guide
아스피린,아세틸살리실산,해열진통소염제,맥주,알코올,danger,알코올과 아스피린 모두 위장 점막 손상 유발,위장 출혈 위험 현저히 증가,맥주 섭취 시 아스피린 복용을 피하세요,무알코올 맥주,FDA Drug Interactions Guide
아스피린,아세틸살리실산,해열진통소염제,오렌지주스,음료,caution,산성 음료가 위장 자극을 증가시킬 수 있음,위장 불편감 가능,식후에 복용하고 물과 함께 섭취,우유/물,약학정보원
오메프라졸,오메프라졸,위산분비억제제,커피,카페인음료,caution,커피가 위산 분비를 촉진할 수 있음,약물의 위산 억제 효과 감소 가능,커피 섭취를 제한하세요,디카페인 커피/보리차,약학정보원
오메프라졸,오메프라졸,위산분비억제제,술,알코올,warning,알코올이 위산 분비를 촉진하고 위점막 손상,약물의 위산 억제 효과 감소/위장 손상,음주를 피하세요,무알코올 음료,약학정보원
오메프라졸,오메프라졸,위산분비억제제,우유,유제품,safe,알려진 상호작용 없음,해당 없음,안심하고 드셔도 됩니다,-,DrugBank
레보티록신,레보티록신나트륨,갑상선호르몬제,두유,콩제품,warning,콩의 이소플라본이 레보티록신 흡수를 방해,갑상선 호르몬 흡수 감소로 치료 효과 저하,약 복용 후 4시간 이상 간격을 두고 섭취,우유,FDA Drug Interactions Guide
레보티록신,레보티록신나트륨,갑상선호르몬제,두부,콩제품,caution,콩의 이소플라본이 레보티록신 흡수에 영향,갑상선 호르몬 흡수 감소 가능,약 복용과 식사 간격을 4시간 이상 유지,고기/생선,약학정보원
레보티록신,레보티록신나트륨,갑상선호르몬제,커피,카페인음료,warning,커피가 레보티록신 흡수를 30% 이상 감소시킴,갑상선 호르몬 흡수 저하로 치료 효과 감소,약 복용 후 1시간 이상 후에 커피 섭취,물,FDA Drug Interactions Guide
레보티록신,레보티록신나트륨,갑상선호르몬제,우유,유제품,warning,칼슘이 레보티록신 흡수를 방해,갑상선 호르몬 흡수 감소,약 복용 후 4시간 이상 간격을 두고 섭취,물,FDA Drug Interactions Guide
레보티록신,레보티록신나트륨,갑상선호르몬제,칼슘보충제,보충제,danger,칼슘이 레보티록신과 결합하여 흡수 차단,갑상선 호르몬 흡수 심각하게 저하,약 복용 후 4시간 이상 간격을 두고 섭취,-,FDA Drug Interactions Guide
레보티록신,레보티록신나트륨,갑상선호르몬제,철분제,보충제,danger,철분이 레보티록신과 결합하여 흡수 차단,갑상선 호르몬 흡수 심각하게 저하,약 복용 후 4시간 이상 간격을 두고 섭취,-,FDA Drug Interactions Guide
테트라사이클린,테트라사이클린염산염,항생제,우유,유제품,danger,칼슘이 테트라사이클린과 결합하여 흡수 차단,항생제 효과 현저히 감소,약 복용 전후 2시간 동안 유제품 피하기,물/주스,FDA Drug Interactions Guide
테트라사이클린,테트라사이클린염산염,항생제,치즈,유제품,danger,칼슘이 테트라사이클린과 결합하여 흡수 차단,항생제 효과 현저히 감소,약 복용 전후 2시간 동안 유제품 피하기,물/주스,FDA Drug Interactions Guide
테트라사이클린,테트라사이클린염산염,항생제,요거트,유제품,danger,칼슘이 테트라사이클린과 결합하여 흡수 차단,항생제 효과 현저히 감소,약 복용 전후 2시간 동안 유제품 피하기,물/주스,FDA Drug Interactions Guide
테트라사이클린,테트라사이클린염산염,항생제,철분제,보충제,danger,철분이 테트라사이클린과 결합하여 흡수 차단,항생제 효과 현저히 감소,약 복용 전후 2시간 동안 철분제 피하기,-,FDA Drug Interactions Guide
시프로플록사신,시프로플록사신염산염,항생제(퀴놀론계),우유,유제품,warning,칼슘이 시프로플록사신 흡수를 감소시킴,항생제 효과 감소,약 복용 전후 2시간 동안 유제품 피하기,물,FDA Drug Interactions Guide
시프로플록사신,시프로플록사신염산염,항생제(퀴놀론계),칼슘보충제,보충제,danger,칼슘이 시프로플록사신과 결합하여 흡수 차단,항생제 효과 현저히 감소,약 복용 전후 6시간 동안 칼슘보충제 피하기,-,FDA Drug Interactions Guide
시프로플록사신,시프로플록사신염산염,항생제(퀴놀론계),커피,카페인음료,warning,시프로플록사신이 카페인 대사를 억제,카페인 부작용(불안/불면/심계항진) 증가,카페인 섭취를 줄이세요,디카페인 커피/허브차,FDA Drug Interactions Guide
메트로니다졸,메트로니다졸,항생제/항원충제,술,알코올,danger,메트로니다졸이 알코올 대사를 차단(디설피람 유사 반응),심한 구역/구토/두통/홍조/심계항진,약 복용 중 및 복용 후 48시간 동안 금주,무알코올 음료,FDA Drug Interactions Guide
메트로니다졸,메트로니다졸,항생제/항원충제,맥주,알코올,danger,메트로니다졸이 알코올 대사를 차단(디설피람 유사 반응),심한 구역/구토/두통/홍조/심계항진,약 복용 중 및 복용 후 48시간 동안 금주,무알코올 맥주,FDA Drug Interactions Guide
메트로니다졸,메트로니다졸,항생제/항원충제,와인,알코올,danger,메트로니다졸이 알코올 대사를 차단(디설피람 유사 반응),심한 구역/구토/두통/홍조/심계항진,약 복용 중 및 복용 후 48시간 동안 금주,무알코올 와인/포도주스,FDA Drug Interactions Guide
이부프로펜,이부프로펜,해열진통소염제,술,알코올,warning,알코올과 이부프로펜 모두 위장 점막 손상,위장 출혈 위험 증가,음주 시 이부프로펜 복용 피하기,무알코올 음료,FDA Drug Interactions Guide
이부프로펜,이부프로펜,해열진통소염제,커피,카페인음료,caution,카페인이 위장 자극을 증가시킬 수 있음,위장 불편감 가능,식후에 복용하세요,물/우유,약학정보원
리튬,탄산리튬,기분안정제,소금,나트륨,warning,나트륨 섭취 변화가 리튬 농도에 영향,저나트륨시 리튬 독성 위험/고나트륨시 효과 감소,일정한 소금 섭취량 유지,저염식 주의,FDA Drug Interactions Guide
리튬,탄산리튬,기분안정제,커피,카페인음료,caution,카페인이 리튬 배설을 증가시킬 수 있음,리튬 농도 감소 가능,카페인 섭취량을 일정하게 유지,디카페인 커피,약학정보원
디곡신,디곡신,강심제,감초,한약재,danger,감초가 저칼륨혈증을 유발하여 디곡신 독성 증가,심장 부정맥/디곡신 독성 위험,감초 및 감초 함유 제품 피하기,-,FDA Drug Interactions Guide
디곡신,디곡신,강심제,고섬유질식품,섬유질,caution,고섬유질이 디곡신 흡수를 감소시킬 수 있음,약물 효과 감소 가능,섬유질 섭취와 약 복용 시간 분리,-,약학정보원
펠로디핀,펠로디핀,칼슘채널차단제(혈압약),자몽,과일,danger,자몽의 푸라노쿠마린이 CYP3A4 효소를 억제,혈중 약물 농도 3배 이상 상승 가능,자몽 및 자몽주스 완전히 피하기,오렌지/사과,FDA Drug Interactions Guide
펠로디핀,펠로디핀,칼슘채널차단제(혈압약),자몽주스,음료,danger,자몽의 푸라노쿠마린이 CYP3A4 효소를 억제,혈중 약물 농도 3배 이상 상승 가능,자몽주스 완전히 피하기,오렌지주스/사과주스,FDA Drug Interactions Guide
사이클로스포린,사이클로스포린,면역억제제,자몽,과일,danger,자몽이 CYP3A4를 억제하여 약물 농도 급상승,면역억제제 독성/신장 손상 위험,자몽 및 자몽주스 완전히 피하기,오렌지/사과,FDA Drug Interactions Guide
사이클로스포린,사이클로스포린,면역억제제,자몽주스,음료,danger,자몽이 CYP3A4를 억제하여 약물 농도 급상승,면역억제제 독성/신장 손상 위험,자몽주스 완전히 피하기,오렌지주스/사과주스,FDA Drug Interactions Guide
타크로리무스,타크로리무스,면역억제제,자몽,과일,danger,자몽이 CYP3A4를 억제하여 약물 농도 상승,면역억제제 독성/신장 손상 위험,자몽 및 자몽주스 완전히 피하기,오렌지/사과,FDA Drug Interactions Guide
타크로리무스,타크로리무스,면역억제제,자몽주스,음료,danger,자몽이 CYP3A4를 억제하여 약물 농도 상승,면역억제제 독성/신장 손상 위험,자몽주스 완전히 피하기,오렌지주스/사과주스,FDA Drug Interactions Guide
클로피도그렐,클로피도그렐,항혈소판제,자몽,과일,caution,자몽이 CYP2C19를 억제하여 활성 대사물 감소,항혈소판 효과 감소 가능,자몽 섭취 최소화,오렌지/사과,DrugBank
MAO억제제,페넬진/트라닐시프로민,항우울제,치즈,발효식품,danger,치즈의 티라민이 MAO억제제와 상호작용,고혈압 위기(두통/구역/혈압급상승),숙성 치즈 완전히 피하기,신선한 치즈(코티지치즈),FDA Drug Interactions Guide
MAO억제제,페넬진/트라닐시프로민,항우울제,와인,알코올,danger,와인의 티라민이 MAO억제제와 상호작용,고혈압 위기(두통/구역/혈압급상승),와인 및 발효 알코올 음료 피하기,물/주스,FDA Drug Interactions Guide
MAO억제제,페넬진/트라닐시프로민,항우울제,간장,발효식품,danger,간장의 티라민이 MAO억제제와 상호작용,고혈압 위기,간장 및 발효 소스 피하기,소금,FDA Drug Interactions Guide
프로프라놀롤,프로프라놀롤염산염,베타차단제(혈압약),고단백식사,단백질,caution,고단백 식사가 프로프라놀롤 흡수를 증가시킴,약물 효과 증가 가능,일정한 식사 패턴 유지,-,약학정보원
프로프라놀롤,프로프라놀롤염산염,베타차단제(혈압약),자몽주스,음료,caution,자몽이 CYP효소에 영향,약물 농도 변동 가능,자몽주스 섭취 최소화,오렌지주스,DrugBank
칼륨보존이뇨제,스피로노락톤,이뇨제,바나나,과일,warning,바나나의 높은 칼륨이 고칼륨혈증 위험 증가,심장 부정맥/근육 약화 위험,칼륨 풍부 식품 과다 섭취 주의,사과/배,약학정보원
칼륨보존이뇨제,스피로노락톤,이뇨제,오렌지주스,음료,warning,오렌지주스의 칼륨이 고칼륨혈증 위험 증가,심장 부정맥/근육 약화 위험,칼륨 풍부 음료 과다 섭취 주의,사과주스,약학정보원
칼륨보존이뇨제,스피로노락톤,이뇨제,소금대체제,조미료,danger,소금대체제의 염화칼륨이 고칼륨혈증 유발,심각한 심장 부정맥 위험,소금대체제 사용 금지,일반 소금(소량),FDA Drug Interactions Guide
아네모정,불명,불명,나트륨 제한 식이,식이 제한,주의,약물 성분(나트륨 함유 가능성) 또는 약물의 작용이 체내 나트륨 균형에 영향을 미칠 수 있음,나트륨 제한 식이를 하는 환자에게 부적절하거나 나트륨 수치에 영향을 줄 수 있음,이 약을 복용하기 전에 의사 또는 약사와 반드시 상의하십시오.,-,K-Pharm API (AI Processed)
페니라민정(클로르페니라민말레산염),클로르페니라민말레산염,항히스타민제,알코올,주류,경고,중추신경 억제 작용 상승,"졸음, 진정 작용 심화 및 주의력 저하",복용 기간 동안 알코올 섭취를 피하거나 전문가와 상의하십시오.,-,K-Pharm API (AI Processed)
게루삼정,미상,미상,고나트륨 식품,식이 제한 (나트륨 제한 식이),경고,약물 내 나트륨 성분 함유 가능성 또는 나트륨 대사에 영향 (Potential sodium content in the drug or effect on sodium metabolism),나트륨 과부하 및 관련 합병증 위험 증가 (Increased risk of sodium overload and related complications),나트륨 제한 식이를 하는 사람은 복용 전 반드시 의사 또는 약사와 상의해야 함 (Individuals on a sodium-restricted diet must consult a doctor or pharmacist before taking),-,K-Pharm API (AI Processed)
판콜에이내복액,아세트아미노펜 (추정),감기약/해열진통제,알코올,주류,위험,알코올은 아세트아미노펜의 간 대사를 촉진하여 독성 대사산물 생성을 증가시키고 간 손상 위험을 높입니다.,간 손상 (간독성),복용 중에는 절대 음주하지 마십시오. 매일 세 잔 이상 정기적으로 음주하는 경우 복용 전 반드시 의사 또는 약사와 상의하십시오.,-,K-Pharm API (AI Processed)
코푸시럽에스,미상,미상,알코올,주류,위험,중추신경계 억제 효과 증강 (Enhanced CNS depressant effect),"졸음, 진정 작용 증가 및 호흡 억제 위험 증가 (Increased drowsiness, sedation, and risk of respiratory depression)",복용 중 음주를 절대 금지합니다. (Absolutely prohibit drinking alcohol during administration),-,K-Pharm API (AI Processed)
코푸시럽에스,미상,미상,카라멜,식품 첨가물,주의,과민 반응 유발 (Induction of hypersensitivity reaction),알레르기 증상 (Allergic symptoms),카라멜 과민증 환자는 복용 전 의사 또는 약사와 반드시 상의하십시오. (Patients with caramel hypersensitivity must consult a doctor or pharmacist before taking),-,K-Pharm API (AI Processed)
액티피드정,미상,미상,알코올,주류,위험,알코올은 이 약의 중추신경 억제 작용을 증강시켜 부작용 위험을 높일 수 있습니다.,"과도한 졸음, 진정 작용 증가, 판단력 및 운동 능력 저하 (운전 및 기계 조작 위험 증가)",이 약을 복용하는 동안 알코올 섭취를 피하십시오.,-,K-Pharm API (AI Processed)
보나링에이정(디멘히드리네이트),Unknown,Unknown,알코올 (주류),주류,danger,중추신경 억제 효과 상승,"졸음, 진정 작용 등 중추신경계 부작용 증가",복용 중에는 음주를 금지해야 합니다.,-,K-Pharm API (AI Processed)
보나링에이정(디멘히드리네이트),Unknown,Unknown,유당/갈락토오스 함유 식품 (예: 유제품),유제품 및 특정 당류,danger,약물 부형제(유당)에 대한 유전적 대사 장애,"갈락토오스 불내성, Lapp 유당분해효소 결핍증 또는 포도당-갈락토오스 흡수장애 환자에게 소화기계 부작용 유발 및 약물 복용 불가",해당 유전적인 문제가 있는 환자는 이 약을 복용하지 마십시오.,-,K-Pharm API (AI Processed)
키모랄에스정,Unknown,Unknown,유당/갈락토오스 함유 부형제 (Lactose/Galactose containing excipient),유제품/당류 (Dairy/Sugars),위험 (danger),약물에 포함된 유당 또는 갈락토오스 성분이 유전적인 효소 결핍(예: Lapp 유당분해효소 결핍증) 환자에게 대사 장애를 일으킴. (The lactose or galactose component in the drug causes metabolic disorders in patients with genetic enzyme deficiencies.),"갈락토오스 불내성, 유당분해효소 결핍증, 포도당-갈락토오스 흡수장애 등의 증상 악화 및 부작용 발생. (Worsening of symptoms related to galactose intolerance, lactase deficiency, or glucose-galactose malabsorption.)","갈락토오스 불내성, Lapp 유당분해효소 결핍증 또는 포도당-갈락토오스 흡수장애 등의 유전적인 문제가 있는 환자는 이 약을 복용하지 말아야 함. (Patients with these hereditary problems must not take this drug.)",-,K-Pharm API (AI Processed)
뇌선,미상 (Unknown),미상 (Unknown),공복 (Empty Stomach),복용 조건 (Administration Condition),caution,위장 장애 또는 흡수 문제 방지 (Prevention of GI upset or absorption issues),위장 불편감 최소화 (Minimizing gastrointestinal discomfort),공복 시를 피하여 복용 (Avoid taking on an empty stomach),음식물과 함께 복용하거나 식후 복용 (Take with food or after meals),K-Pharm API (AI Processed)
뇌선,미상 (Unknown),미상 (Unknown),알코올 (Alcohol),주류 (Alcoholic Beverage),danger,간 대사 경로 경쟁 및 독성 증가 (Competition in liver metabolic pathways and increased toxicity),간 손상 위험 증가 (Increased risk of liver damage),복용 중에는 음주하지 마십시오 (Do not consume alcohol during treatment),-,K-Pharm API (AI Processed)
뇌선,미상 (Unknown),미상 (Unknown),알코올 (Alcohol),주류 (Alcoholic Beverage),warning,만성적인 알코올 섭취로 인한 간 독성 민감도 증가 (Increased sensitivity to hepatotoxicity due to chronic alcohol consumption),간 손상 위험 증가 (Increased risk of liver damage),매일 세 잔 이상 정기적 음주자는 복용 전 의사 또는 약사와 상의하십시오 (Regular drinkers of three or more glasses daily must consult a doctor or pharmacist before taking),-,K-Pharm API (AI Processed)
마그밀정(수산화마그네슘),수산화마그네슘,제산제/완하제,우유 (다량),유제품,경고,마그네슘 제산제와 우유(칼슘)의 상호작용으로 인한 알칼리 부하 증가,"우유 알칼리 증후군 (고칼슘혈증, 고질소혈증, 알칼리증 등) 발생 위험",다량의 우유와 함께 복용 시 의사 또는 약사와 상의하십시오.,-,K-Pharm API (AI Processed)
트레스탄캡슐,정보 없음,정보 없음,알코올,주류,위험,"알코올은 중추신경억제제이며, 이 약과 병용 시 중추신경 억제 효과가 증강될 수 있음.","졸음, 진정, 호흡 억제 등 중추신경계 부작용 증가",함께 복용하지 마십시오.,-,K-Pharm API (AI Processed)
낙센정(나프록센),나프록센,비스테로이드성 소염진통제 (NSAID),술 (알코올),주류,경고,알코올과 NSAID 복용은 위장관 점막 손상을 가중시켜 출혈 위험을 높입니다.,위장출혈 위험 증가,"매일 세 잔 이상 정기적으로 음주하는 경우, 복용 전 의사 또는 약사와 상의하십시오.",-,K-Pharm API (AI Processed)
액티피드시럽,성분 불명,불명,알코올,주류,위험,알코올은 중추신경억제제와 유사하게 작용하여 약물의 진정 작용을 증강시키거나 부작용 위험을 높일 수 있음,"과도한 졸음, 진정 작용 심화, 판단력 및 운동 능력 저하 (운전 및 기계 조작 시 위험 증가)",함께 복용하지 마십시오,-,K-Pharm API (AI Processed)
페리나정,미상,미상,알코올성 음료,주류,경고,"약물 상호작용 목록에 중추신경억제제와 함께 언급되며, 알코올 섭취 시 약물의 부작용(졸음 등)이 증강될 수 있음 (추정)","졸음, 진정 작용 등 중추신경계 부작용 증가 및 운전/기계 조작 시 위험 증가",이 약을 복용 중에는 알코올성 음료를 피하십시오.,-,K-Pharm API (AI Processed)
신일비사코딜정,Unknown,Unknown,우유,유제품,경고,우유는 위산도를 낮춰 장용 코팅된 정제가 위에서 조기에 용해되게 하여 약물의 효과를 감소시키거나 위장 자극을 유발할 수 있습니다.,"위장 자극 (복통, 구토) 및 약효 감소",우유 섭취 후 1시간 이내에는 이 약을 복용하지 마십시오. 최소 1시간 이상의 간격을 두고 복용해야 합니다.,-,K-Pharm API (AI Processed)
갈타제산(베타-갈락토시다제(아스퍼길루스)),베타-갈락토시다제,소화효소제,50℃를 초과하는 고온의 분유 또는 모유,유제품/액상 영양식,caution,"베타-갈락토시다제는 효소이므로, 50℃를 초과하는 고온에서 조제 시 효소가 변성되어 약물의 활성이 저하될 수 있습니다.",유당 분해 효과 감소 또는 상실로 인한 약효 저하,분유 또는 모유에 약물을 혼합할 때 조유 온도가 50℃를 넘지 않도록 주의해야 합니다.,-,K-Pharm API (AI Processed)
액티페린정,알 수 없음,알 수 없음,알코올,주류,위험,중추신경계 억제 효과 또는 부작용 위험 증가 (정확한 기전은 정보 부족으로 알 수 없음),"졸음 및 진정 효과 증가, 판단력 저하, 심혈관계 부작용 위험 증가",알코올과 함께 복용하지 마십시오.,-,K-Pharm API (AI Processed)
부루펜정200밀리그램(이부프로펜),이부프로펜,비스테로이드성 소염진통제,음주,주류,경고,이부프로펜과 알코올 모두 위장관 점막에 자극을 주어 출혈 위험을 높일 수 있음.,위장출혈 위험 증가,매일 세 잔 이상 정기적으로 음주하는 경우 복용 전 의사 또는 약사와 상의하십시오.,-,K-Pharm API (AI Processed)
메코민캡슐(메코발라민),메코발라민,비타민 B12 제제,알코올 (과량),주류,경고,알코올은 비타민 B12의 흡수 및 대사를 저해할 수 있습니다.,약효 감소 또는 비타민 B12 결핍 악화 가능성,과량의 알코올 섭취를 피하고 의사 또는 약사와 상의하십시오.,-,K-Pharm API (AI Processed)
마스질정(클레마스틴푸마르산염),클레마스틴푸마르산염,항히스타민제,알코올,주류,warning,중추신경 억제 효과 증강,"졸음, 진정 작용 증가, 주의력 및 판단력 저하",복용 전 의사 또는 약사와 상의하십시오 (가능하면 피하십시오),-,K-Pharm API (AI Processed)
모드코시럽,미상,미상,알코올,주류,경고,중추신경 억제 효과 증강 (시럽 성분 중 항히스타민제 등 중추신경계에 작용하는 성분과의 상호작용),"졸음, 진정 작용 증가 및 부작용 위험 증가 (운전 및 기계 조작 시 위험 증가)",함께 복용하지 마십시오,-,K-Pharm API (AI Processed)
애드빌정(이부프로펜),이부프로펜,비스테로이드성 소염진통제 (NSAID),공복 (Empty Stomach),복용 조건 (Administration Condition),주의 (caution),위장관 자극 최소화 (Minimizing gastrointestinal irritation),"위장관 부작용(예: 속쓰림, 궤양) 위험 감소 (Reduced risk of GI side effects (e.g., heartburn, ulcer))",공복 투여를 피하고 음식 또는 우유와 함께 복용하는 것이 바람직함 (It is advisable to avoid taking on an empty stomach and take with food or milk.),식사 또는 우유 (Meal or Milk),K-Pharm API (AI Processed)
모드코프시럽,아스파탐 (Aspartame),감미료/첨가제,페닐알라닌 (Phenylalanine),아미노산/식품첨가물,danger,이 약에 함유된 아스파탐이 체내에서 페닐알라닌으로 대사됨,페닐케톤뇨증 환자에게 페닐알라닌 섭취 증가로 인한 위험 발생,페닐케톤뇨증 환자는 복용 금지,-,K-Pharm API (AI Processed)
모드코프시럽,Unknown,진해거담제/감기약,알코올 (Alcohol),주류,danger,중추신경계 억제 효과 증가 및 부작용 위험 증가 (추정),"졸음, 진정 효과 등 부작용 심화",이 약 복용 기간 동안 알코올 섭취 금지,-,K-Pharm API (AI Processed)
이바내정,미상,미상,대두유,식용유/콩류,danger,과민 반응 (알레르기),심각한 알레르기 반응 또는 아나필락시스 쇼크,대두유에 과민증이 있는 환자는 이 약을 복용하지 마십시오 (복용 금지),-,K-Pharm API (AI Processed)
이바내정,미상,미상,콩,콩류,danger,과민 반응 (알레르기),심각한 알레르기 반응 또는 아나필락시스 쇼크,콩에 과민증이 있는 환자는 이 약을 복용하지 마십시오 (복용 금지),-,K-Pharm API (AI Processed)
이바내정,미상,미상,땅콩,견과류,danger,과민 반응 (알레르기),심각한 알레르기 반응 또는 아나필락시스 쇼크,땅콩에 과민증이 있는 환자는 이 약을 복용하지 마십시오 (복용 금지),-,K-Pharm API (AI Processed)
모아훼린캡슐(폴리사카리드철착염),폴리사카리드철착염,철분제,"녹차, 홍차 등 탄닌을 함유하는 차",음료/차,경고,탄닌 성분이 철분과 결합하여 흡수를 저해함,철분제의 흡수율 및 치료 효과 감소,"복용 중, 복용 전후에는 섭취를 피하십시오.",-,K-Pharm API (AI Processed)
모아훼린캡슐(폴리사카리드철착염),폴리사카리드철착염,철분제,우유ㆍ유제품,유제품,경고,우유 및 유제품에 포함된 칼슘 성분이 철분 흡수를 저해함,철분제의 흡수율 및 치료 효과 감소,"복용 중, 복용 전후에는 섭취를 피하십시오.",-,K-Pharm API (AI Processed)
프로틴정(니자티딘),니자티딘,H2 수용체 길항제,알코올,주류,경고,정보 없음,정보 없음,복용 중 음주를 금지해야 합니다.,-,K-Pharm API (AI Processed)
프로틴정(니자티딘),니자티딘,H2 수용체 길항제,카페인,음료/식품 첨가물,주의,정보 없음,정보 없음,복용 중 카페인 섭취를 피하십시오.,-,K-Pharm API (AI Processed)
프로틴정(니자티딘),니자티딘,H2 수용체 길항제,초콜렛,가공 식품,주의,정보 없음,정보 없음,복용 중 초콜렛 섭취를 피하십시오.,-,K-Pharm API (AI Processed)
프로틴정(니자티딘),니자티딘,H2 수용체 길항제,튀긴 음식,고지방 식품,주의,정보 없음,정보 없음,복용 중 튀긴 음식 섭취를 피하십시오.,-,K-Pharm API (AI Processed)
리버올라액,미상,미상,카라멜,식품 첨가물,주의,카라멜 성분에 대한 과민 반응 가능성 (Possible hypersensitivity reaction to caramel ingredient),과민증 발생 (Occurrence of hypersensitivity),카라멜 과민증 환자는 복용 전 의사 또는 약사와 상의 (Patients with caramel hypersensitivity must consult a doctor or pharmacist before taking),-,K-Pharm API (AI Processed)
리버올라액,미상,미상,알코올,주류,경고,알코올 중독 해독제로 오용 금지 (Prohibition of misuse as an antidote for alcohol poisoning),부적절한 사용으로 인한 위험 발생 가능성 (Potential risk due to inappropriate use),알코올 중독 해독 목적으로 사용하지 말 것 (Do not use for the purpose of detoxifying alcohol poisoning),-,K-Pharm API (AI Processed)
세토펜8시간이알서방정(아세트아미노펜),아세트아미노펜,해열진통제,알코올,주류,위험,아세트아미노펜의 간 대사 경로에 영향을 미쳐 간 독성 물질 생성을 증가시킴.,중증 간손상 위험 증가 (치명적일 수 있음).,알코올을 복용한 사람은 이 약을 복용하지 마십시오. 매일 세 잔 이상 정기적 음주자는 복용 전 반드시 의사 또는 약사와 상의하십시오.,-,K-Pharm API (AI Processed)
영진아스피린장용정,미상,미상,알코올,주류,경고,상승효과 (Synergistic effect),위장관 점막 손상 증가 및 출혈 시간 연장,병용 투여를 피해야 함,-,K-Pharm API (AI Processed)
리노콜드시럽,미상,감기약/복합제,알코올성 음료,알코올,경고,알코올이 약물(주로 항히스타민제 성분)의 중추신경계 억제 효과를 증강시킴,"졸음, 어지러움, 집중력 및 운동 능력 저하 심화",복용 기간 동안 알코올 섭취를 피하십시오,-,K-Pharm API (AI Processed)
알나졸정400밀리그램(알벤다졸),알벤다졸 (Albendazole),구충제 (Anthelmintic),페닐알라닌 (Phenylalanine),아미노산/식품 첨가물 (Amino Acid/Food Additive),위험 (danger),이 약에 함유된 아스파탐이 체내에서 페닐알라닌으로 대사됨 (Aspartame contained in this drug is metabolized into phenylalanine in the body),페닐케톤뇨증 환자에게 페닐알라닌 섭취 규제 필요 (Requires restriction of phenylalanine intake for Phenylketonuria patients),페닐케톤뇨증 환자는 복용 금지 (Contraindicated for Phenylketonuria patients),-,K-Pharm API (AI Processed)
바이콜시럽,미상,미상,알코올성 음료,주류,경고,중추신경계 억제 작용 강화 (추정),"졸음, 어지러움, 판단력 및 운동 능력 저하 위험 증가",복용 기간 동안 알코올성 음료 섭취를 피하십시오.,-,K-Pharm API (AI Processed)
아르펜정,미상,비스테로이드소염진통제 (NSAID),알코올 (음주),주류,경고,알코올과 비스테로이드성 소염진통제(NSAID)의 병용은 위장관 자극을 증가시킬 수 있음,위장출혈 위험 증가,매일 세 잔 이상 정기적 음주자는 복용 전 의사 또는 약사와 상의해야 함,-,K-Pharm API (AI Processed)
하드칼츄어블정,미상,미상,"녹차, 홍차 등 탄닌을 함유하는 차",음료/차,경고,탄닌 성분이 약물(주로 미네랄 성분)의 흡수를 방해하여 약효를 감소시킬 수 있습니다.,약물 효과 감소,"복용 중, 복용 전후에는 섭취를 피하십시오.",-,K-Pharm API (AI Processed)
디프로펜정300밀리그램(덱시부프로펜디.씨.),덱시부프로펜 (Dexibuprofen),비스테로이드성 소염진통제 (NSAID),술 (Alcohol),주류 (Alcoholic Beverages),warning (주의),알코올은 위장관 자극을 증가시켜 약물로 인한 위장출혈 위험을 상승시킴,위장출혈 (Gastrointestinal bleeding),매일 세 잔 이상 정기적으로 음주하는 경우 복용 전 의사 또는 약사와 상의해야 함,-,K-Pharm API (AI Processed)
타세놀8시간이알서방정(아세트아미노펜),아세트아미노펜,해열진통제,알코올 (음주),주류,danger,알코올은 아세트아미노펜의 간 독성 대사물질 생성을 증가시켜 간에 부담을 줍니다.,간손상 위험 증가 (매우 드물게 치명적일 수 있음).,알코올을 복용한 사람은 이 약을 복용하지 마십시오. 매일 세 잔 이상 정기적으로 음주하는 경우 의사 또는 약사와 반드시 상의하십시오.,-,K-Pharm API (AI Processed)
타세놀8시간이알서방정(아세트아미노펜),아세트아미노펜,해열진통제,"유당, 갈락토오스, 포도당",당류,danger,약물에 포함된 유당 성분으로 인해 유전적 대사 장애 환자에게 부작용 발생 가능.,소화기계 부작용 및 흡수 장애.,"갈락토오스 불내성, Lapp 유당분해효소 결핍증 또는 포도당-갈락토오스 흡수장애 등의 유전적인 문제가 있는 환자는 이 약을 복용하지 마십시오.",-,K-Pharm API (AI Processed)
에이치엘비알벤다졸400정,알벤다졸 (Albendazole),구충제 (Anthelmintic),페닐알라닌 (Phenylalanine),아미노산/식품 첨가물 (Amino Acid/Food Additive),danger (위험),이 약에 함유된 아스파탐이 체내에서 페닐알라닌으로 대사됨 (Aspartame contained in this drug is metabolized into phenylalanine in the body).,페닐알라닌 섭취를 규제해야 하는 페닐케톤뇨증 환자에게 위험을 초래함 (Poses risk to Phenylketonuria patients who must restrict phenylalanine intake).,페닐케톤뇨증 환자는 복용하지 마십시오 (Patients with Phenylketonuria should not take this drug).,-,K-Pharm API (AI Processed)
맥스펜정(덱시부프로펜),덱시부프로펜,비스테로이드성 소염진통제 (NSAID),알코올 (음주),주류,경고,덱시부프로펜과 알코올 모두 위장관 점막을 자극하고 출혈 위험을 증가시켜 상호작용이 증폭될 수 있습니다.,위장출혈 위험 증가 (특히 매일 세 잔 이상 정기적 음주자),"복용 중 음주를 피하거나 제한해야 하며, 정기적 음주자는 복용 전 의사 또는 약사와 반드시 상의하십시오.",-,K-Pharm API (AI Processed)
하벤목에스캡슐,불명,불명,알코올,주류,위험,아세트아미노펜 성분과 알코올의 상호작용으로 간 대사 부담 증가,간손상 위험 증가,복용 중에는 음주하지 마십시오. 매일 세 잔 이상 정기적 음주자는 복용 전 의사 또는 약사와 상의하십시오.,-,K-Pharm API (AI Processed)
포린정,아스파탐 (Aspartame),불명,페닐알라닌 (Phenylalanine),아미노산/단백질,danger,"약물 성분인 아스파탐이 체내에서 페닐알라닌으로 대사됨 (Aspartame, a drug component, is metabolized into phenylalanine in the body).",페닐케톤뇨증 환자에게 페닐알라닌 과다 섭취를 유발하여 증상 악화 위험 (Risk of exacerbating symptoms in Phenylketonuria patients due to excessive phenylalanine intake).,페닐알라닌 섭취를 규제해야 하는 페닐케톤뇨증 환자는 복용 금지 (Contraindicated for PKU patients who must restrict phenylalanine intake).,-,K-Pharm API (AI Processed)
포린정,불명,불명,알코올성 음료,주류,warning,약물 성분과 알코올의 상호작용 (Interaction between drug components and alcohol).,중추신경계 부작용 증가 또는 약물 효과 변화 (Increased CNS side effects or altered drug efficacy).,복용 중 알코올성 음료 섭취 금지 (Avoid consuming alcoholic beverages during treatment).,-,K-Pharm API (AI Processed)
쎄락틸정300밀리그람(덱시부프로펜디.씨.),덱시부프로펜디.씨.,미상,술 (알코올),주류,경고,덱시부프로펜과 알코올 모두 위장관 자극을 유발하여 출혈 위험을 증가시킬 수 있음 (명시적 기전은 아니나 임상적 효과를 바탕으로 추론),위장 출혈 위험 증가,매일 세 잔 이상 정기적 음주자는 이 약 복용 시 의사 또는 약사와 상의하십시오.,-,K-Pharm API (AI Processed)
애스펜정(덱시부프로펜),덱시부프로펜,비스테로이드성 소염진통제 (NSAID),알코올 (음주),주류,경고,알코올과 NSAID(덱시부프로펜)의 병용은 위장관 점막 자극 및 출혈 위험을 상승시킵니다.,위장출혈 위험 증가,매일 세 잔 이상 정기적으로 음주하는 사람은 복용 전 의사 또는 약사와 반드시 상의해야 합니다. 알코올 중독 환자는 복용 전 의사와 상의해야 합니다.,-,K-Pharm API (AI Processed)
올바펜정,아세트아미노펜 (Acetaminophen),해열진통제 (Antipyretic Analgesic),알코올 (Alcohol),주류 (Alcohol),위험 (danger),"알코올은 아세트아미노펜의 간 대사를 촉진하여 독성 물질 생성을 증가시키고 간 독성을 유발함 (Alcohol promotes hepatic metabolism of acetaminophen, increasing toxic metabolite production and causing hepatotoxicity)",심각한 간손상 위험 증가 (Increased risk of severe liver damage),이 약 복용 전후 알코올 섭취 금지. 매일 세 잔 이상 정기적으로 음주하는 사람은 복용 전 반드시 의사 또는 약사와 상의해야 함 (Do not consume alcohol before or after taking this drug. Regular drinkers consuming three or more drinks daily must consult a doctor or pharmacist before taking.),-,K-Pharm API (AI Processed)
올바펜정,아세트아미노펜 (Acetaminophen),해열진통제 (Antipyretic Analgesic),음식 (Food),일반 음식 (General Food),주의 (caution),공복 복용 시 위장 장애 가능성 또는 흡수 최적화 (Potential for GI upset or optimization of absorption when taken on an empty stomach),위장 장애 최소화 및 약물 흡수 안정화 (Minimize GI upset and stabilize drug absorption),"공복을 피하여 복용 (Take, avoiding an empty stomach)",-,K-Pharm API (AI Processed)
페브로민-에이시럽,알 수 없음,알 수 없음,알코올성 음료,알코올,경고,중추신경계 억제 효과 증가 (추정),"졸음, 진정 작용 증가, 주의력 저하",복용 기간 동안 알코올 섭취를 피하십시오.,-,K-Pharm API (AI Processed)
그리펜-에스정(덱시부프로펜),덱시부프로펜,비스테로이드성 소염진통제 (NSAID),알코올 (음주),주류,경고,덱시부프로펜과 알코올 모두 위장관 점막 손상 및 출혈 위험을 증가시킬 수 있습니다.,위장출혈 위험 증가,매일 세 잔 이상 정기적으로 음주하는 경우 이 약 복용 전 의사 또는 약사와 상의하십시오.,-,K-Pharm API (AI Processed)
하디콜정,미상,미상,알코올 (음주),주류,위험,"알코올은 이 약에 포함된 아세트아미노펜 성분의 간 대사를 촉진하여 독성 물질 생성을 증가시키고, 간 독성 위험을 높임. (매일 세 잔 이상 정기적 음주자는 특히 위험)",중증 간손상 위험 증가,복용 중에는 음주를 절대 금지함. 정기적 음주자는 복용 전 의사 또는 약사와 상의해야 함.,-,K-Pharm API (AI Processed)
미투-에스연질캡슐,Unknown,Unknown,"대두유, 콩, 땅콩",알레르기 유발 식품 (식물성 기름 및 견과류),danger,약물 성분(대두유) 또는 관련 물질에 대한 과민 반응,심각한 알레르기 반응 유발 가능성,"대두유, 콩, 땅콩에 과민증이 있는 환자는 복용 금지",-,K-Pharm API (AI Processed)
미투-에스연질캡슐,Unknown,Unknown,"녹차, 홍차",탄닌 함유 음료,warning,탄닌 성분과의 상호작용 (약물 흡수 방해 가능성),약물의 흡수 감소 및 효과 저하 가능성,"복용 중, 복용 전후에는 피할 것",탄닌을 함유하지 않은 물 또는 음료,K-Pharm API (AI Processed)
에스프로펜정(덱시부프로펜),덱시부프로펜,비스테로이드성 소염진통제,알코올 (술),주류,경고,알코올과 병용 시 위장관 점막 손상 위험 증가 (Increased risk of gastrointestinal mucosal damage when combined with alcohol),위장출혈을 일으킬 수 있음 (Can cause gastrointestinal bleeding),매일 세 잔 이상 정기적 음주자는 복용 전 의사 또는 약사와 상의하십시오. (Regular drinkers (3+ drinks daily) must consult a doctor or pharmacist before taking.),-,K-Pharm API (AI Processed)
티메롤8시간이알서방정(아세트아미노펜),아세트아미노펜,해열진통제,알코올,주류,위험,알코올은 아세트아미노펜의 간 대사에 영향을 미쳐 간 독성 물질 생성을 증가시키고 간 손상 위험을 높입니다. (특히 정기적 음주자),간손상 (치명적일 수 있음),이 약 복용 중 알코올 섭취를 금지합니다. 매일 세 잔 이상 정기적으로 음주하는 경우 복용 전 반드시 의사 또는 약사와 상의하십시오.,-,K-Pharm API (AI Processed)
엔시드8시간이알서방정650mg(아세트아미노펜),아세트아미노펜,해열진통제,알코올,주류,위험,알코올은 아세트아미노펜의 간 대사 경로에 영향을 미쳐 독성 대사물질 생성을 증가시키고 간 독성 위험을 높입니다.,심각한 간손상 위험 증가 (치명적일 수 있음),이 약 복용 전후 및 복용 중 알코올 섭취를 절대 피해야 합니다. 특히 매일 세 잔 이상 정기적으로 음주하는 환자는 복용 전 의사 또는 약사와 상의해야 합니다.,-,K-Pharm API (AI Processed)
겔포스현탁액(인산알루미늄겔),인산알루미늄,제산제,Unknown,Unknown,caution,음식과 함께 복용 시 약물 흡수 저하 가능성,약효 감소,식간(식사 때와 식사 때 사이)에 복용하십시오.,-,K-Pharm API (AI Processed)
게루삼정,Unknown,Unknown,NO_INTERACTION,NO_INTERACTION,no_interaction,NO_INTERACTION,NO_INTERACTION,NO_INTERACTION,-,K-Pharm API (AI Processed)
제로미아액,Unknown,Unknown,NO_INTERACTION,NO_INTERACTION,no_interaction,NO_INTERACTION,NO_INTERACTION,NO_INTERACTION,-,K-Pharm API (AI Processed)
보나링에이정(디멘히드리네이트),디멘히드리네이트,항히스타민제,알코올,음료,warning,중추신경 억제 효과 증가,"졸음 증가, 어지러움, 인지 능력 저하",복용 중에는 음주를 피하십시오.,-,K-Pharm API (AI Processed)
뇌선,Unknown,Unknown,알코올,음료,danger,간 손상 위험 증가,간 손상,복용 중에는 음주하지 마십시오.,-,K-Pharm API (AI Processed)
마그밀정(수산화마그네슘),수산화마그네슘,제산제/변비약,우유,유제품,warning,수산화마그네슘과 칼슘의 과도한 섭취는 우유 알칼리 증후군을 유발할 수 있습니다.,"고칼슘혈증, 고질소혈증, 알칼리증 등",의사 또는 약사와 상의하십시오.,-,K-Pharm API (AI Processed)
마그밀정(수산화마그네슘),수산화마그네슘,제산제/변비약,칼슘제제,영양 보충제,warning,수산화마그네슘과 칼슘의 과도한 섭취는 우유 알칼리 증후군을 유발할 수 있습니다.,"고칼슘혈증, 고질소혈증, 알칼리증 등",의사 또는 약사와 상의하십시오.,-,K-Pharm API (AI Processed)
낙센정(나프록센),나프록센,비스테로이드성 소염진통제,알코올,알코올,caution,위장 출혈 위험 증가,위장 출혈 위험 증가,매일 세 잔 이상 정기적으로 음주하는 경우 의사 또는 약사와 상의하십시오.,-,K-Pharm API (AI Processed)
제로바액,알 수 없음,알 수 없음,알 수 없음,알 수 없음,no_interaction,알 수 없음,알 수 없음,알 수 없음,-,K-Pharm API (AI Processed)
갈타제산(베타-갈락토시다제(아스퍼길루스)),베타-갈락토시다제,소화 효소,모유,유제품,caution,베타-갈락토시다제는 유당불내증 환자에서 모유 섭취 시 발생하는 소화 불량을 완화하기 위해 사용됩니다.,모유 섭취 시 소화 불량 증상 완화.,모유 수유 시 소량의 물에 녹여 수유 도중에 복용합니다.,-,K-Pharm API (AI Processed)
갈타제산(베타-갈락토시다제(아스퍼길루스)),베타-갈락토시다제,소화 효소,인공영양,유제품,caution,베타-갈락토시다제는 유당불내증 환자에서 인공영양 섭취 시 발생하는 소화 불량을 완화하기 위해 사용됩니다.,인공영양 섭취 시 소화 불량 증상 완화.,인공영양에 타서 복용합니다. 조유 온도는 50℃를 넘지 않도록 주의합니다.,-,K-Pharm API (AI Processed)
갈타제산(베타-갈락토시다제(아스퍼길루스)),베타-갈락토시다제,소화 효소,경관영양식,기타,caution,베타-갈락토시다제는 유당불내증 환자에서 경관영양식 섭취 시 발생하는 소화 불량을 완화하기 위해 사용됩니다.,경관영양식 섭취 시 소화 불량 증상 완화.,"섭취유당량 10 g에 대하여 5,000 ONPG단위를 식사와 함께 복용합니다.",-,K-Pharm API (AI Processed)
갈타제산(베타-갈락토시다제(아스퍼길루스)),베타-갈락토시다제,소화 효소,경구유동식,기타,caution,베타-갈락토시다제는 유당불내증 환자에서 경구유동식 섭취 시 발생하는 소화 불량을 완화하기 위해 사용됩니다.,경구유동식 섭취 시 소화 불량 증상 완화.,"섭취유당량 10 g에 대하여 5,000 ONPG단위를 식사와 함께 복용합니다.",-,K-Pharm API (AI Processed)
부루펜정200밀리그램(이부프로펜),이부프로펜,비스테로이드성 소염진통제,알코올,알코올,warning,위장 출혈 위험 증가,위장 출혈 위험 증가,"매일 세 잔 이상 정기적으로 음주하는 경우, 의사 또는 약사와 상의하십시오.",-,K-Pharm API (AI Processed)
메코민캡슐(메코발라민),메코발라민,비타민 B12,알코올,음료,caution,과량의 알코올 섭취는 약물의 효과에 영향을 미칠 수 있습니다.,약효 감소 가능성,의사 또는 약사와 상의하십시오.,-,K-Pharm API (AI Processed)
뮤코베리어액(히알루론산나트륨),히알루론산나트륨,구강 점막 보호제,없음,없음,no_interaction,없음,없음,없음,-,K-Pharm API (AI Processed)
크라비트점안액(레보플록사신 수화물),레보플록사신 수화물,항생제,없음,없음,no_interaction,없음,없음,없음,-,K-Pharm API (AI Processed)
콘투락투벡스겔,Unknown,Unknown,없음,없음,no_interaction,없음,없음,없음,-,K-Pharm API (AI Processed)
애드빌정(이부프로펜),이부프로펜,비스테로이드성 소염진통제,공복,식사,caution,공복 시 투여는 위장 자극을 유발할 수 있습니다.,"위장 장애, 위장 자극",식사 후 또는 음식과 함께 복용하십시오.,-,K-Pharm API (AI Processed)
모드코프시럽,Unknown,Unknown,알코올,알코올,warning,모드코프시럽과 알코올의 병용은 진정 효과를 증가시킬 수 있습니다.,"졸음, 어지러움, 호흡 억제 등의 부작용 증가.",모드코프시럽 복용 중에는 알코올 섭취를 피하십시오.,-,K-Pharm API (AI Processed)
대한관류용멸균증류수,Unknown,Unknown,NO_INTERACTION,NO_INTERACTION,no_interaction,NO_INTERACTION,NO_INTERACTION,NO_INTERACTION,-,K-Pharm API (AI Processed)
모아훼린캡슐(폴리사카리드철착염),폴리사카리드철착염,철분제,녹차,차,warning,탄닌 성분이 철분 흡수를 방해합니다.,철분 흡수 감소,"복용 중, 복용 전후에는 피하십시오.",-,K-Pharm API (AI Processed)
모아훼린캡슐(폴리사카리드철착염),폴리사카리드철착염,철분제,홍차,차,warning,탄닌 성분이 철분 흡수를 방해합니다.,철분 흡수 감소,"복용 중, 복용 전후에는 피하십시오.",-,K-Pharm API (AI Processed)
모아훼린캡슐(폴리사카리드철착염),폴리사카리드철착염,철분제,우유,유제품,warning,칼슘 성분이 철분 흡수를 방해합니다.,철분 흡수 감소,"복용 중, 복용 전후에는 피하십시오.",-,K-Pharm API (AI Processed)
모아훼린캡슐(폴리사카리드철착염),폴리사카리드철착염,철분제,유제품,유제품,warning,칼슘 성분이 철분 흡수를 방해합니다.,철분 흡수 감소,"복용 중, 복용 전후에는 피하십시오.",-,K-Pharm API (AI Processed)
알나졸정400밀리그램(알벤다졸),알벤다졸,구충제,없음,없음,no_interaction,없음,없음,없음,-,K-Pharm API (AI Processed)
아르펜정,이부프로펜,비스테로이드성 소염진통제,알코올,음료,caution,위장 출혈 위험 증가,위장 출혈 가능성 증가,"매일 세 잔 이상 정기적으로 음주하는 경우, 이 약 복용 전 의사 또는 약사와 상의하십시오.",-,K-Pharm API (AI Processed)
하드칼츄어블정,Unknown,Unknown,녹차,차,warning,탄닌 성분이 칼슘 흡수를 방해할 수 있습니다.,약효 감소,"복용 중, 복용 전후에는 녹차를 피하십시오.",-,K-Pharm API (AI Processed)
하드칼츄어블정,Unknown,Unknown,홍차,차,warning,탄닌 성분이 칼슘 흡수를 방해할 수 있습니다.,약효 감소,"복용 중, 복용 전후에는 홍차를 피하십시오.",-,K-Pharm API (AI Processed)
디프로펜정300밀리그램(덱시부프로펜디.씨.),덱시부프로펜,비스테로이드성 소염진통제,알코올,알코올,caution,위장 출혈 위험 증가,위장 출혈 가능성 증가,"매일 세 잔 이상 정기적으로 음주하는 경우, 의사 또는 약사와 상의하십시오.",-,K-Pharm API (AI Processed)
타세놀8시간이알서방정(아세트아미노펜),아세트아미노펜,해열진통제,알코올,음료,danger,아세트아미노펜과 알코올의 병용은 간 손상의 위험을 증가시킵니다.,간 손상 위험 증가,알코올 섭취를 피하십시오.,-,K-Pharm API (AI Processed)
에이치엘비알벤다졸400정,알벤다졸,구충제,없음,없음,no_interaction,없음,없음,없음,-,K-Pharm API (AI Processed)
맥스펜정(덱시부프로펜),덱시부프로펜,비스테로이드성 소염진통제,알코올,알코올,caution,위장 출혈 위험 증가,위장 출혈 가능성 증가,매일 세 잔 이상 정기적으로 음주하는 경우 의사 또는 약사와 상의하십시오.,-,K-Pharm API (AI Processed)
쎄락틸정300밀리그람(덱시부프로펜디.씨.),덱시부프로펜,비스테로이드성 소염진통제,알코올,음료,caution,위장 출혈 위험 증가,위장 출혈 가능성 증가,"매일 세 잔 이상 정기적으로 음주하는 경우, 의사 또는 약사와 상의하십시오.",-,K-Pharm API (AI Processed)
애스펜정(덱시부프로펜),덱시부프로펜,비스테로이드성 소염진통제,알코올,음료,caution,위장 출혈 위험 증가,위장 출혈 가능성 증가,"매일 세 잔 이상 정기적으로 음주하는 경우, 복용 전 의사 또는 약사와 상의하십시오.",-,K-Pharm API (AI Processed)
올바펜정,아세트아미노펜,해열진통제,알코올,음료,danger,"알코올은 간 손상을 유발할 수 있으며, 아세트아미노펜과 함께 복용 시 간 손상 위험이 증가합니다.",간 손상 위험 증가,이 약을 복용하는 동안 알코올 섭취를 피하십시오.,-,K-Pharm API (AI Processed)
그리펜-에스정(덱시부프로펜),덱시부프로펜,비스테로이드성 소염진통제,알코올,알코올,caution,위장 출혈 위험 증가,위장 출혈 가능성 증가,"매일 세 잔 이상 정기적으로 음주하는 경우, 이 약 또는 다른 해열진통제 복용 전 의사 또는 약사와 상의하십시오.",-,K-Pharm API (AI Processed)
하디콜정,Unknown,Unknown,알코올,알코올,danger,간 손상을 증가시킬 수 있습니다.,간 손상 위험 증가,복용 중에는 음주하지 마십시오.,-,K-Pharm API (AI Processed)
미투-에스연질캡슐,Unknown,Unknown,녹차,차,warning,탄닌 성분이 약물 흡수를 방해할 수 있습니다.,약효 감소,"복용 중, 복용 전후에는 녹차를 피하십시오.",-,K-Pharm API (AI Processed)
미투-에스연질캡슐,Unknown,Unknown,홍차,차,warning,탄닌 성분이 약물 흡수를 방해할 수 있습니다.,약효 감소,"복용 중, 복용 전후에는 홍차를 피하십시오.",-,K-Pharm API (AI Processed)
에스프로펜정(덱시부프로펜),덱시부프로펜,비스테로이드성 소염진통제,알코올,알코올,caution,위장 출혈 위험 증가,위장 출혈 위험 증가,"매일 세 잔 이상 정기적으로 음주하는 경우, 의사 또는 약사와 상의하십시오.",-,K-Pharm API (AI Processed)
오트리빈0.05%비강분무액(자일로메타졸린염산염),자일로메타졸린염산염,비충혈제거제,알코올,음료,warning,"자세한 상호작용 기전은 명시되지 않았지만, 알코올과 함께 복용 시 부작용 위험이 증가할 수 있습니다.",부작용 위험 증가,약물 사용 중에는 음주를 피하십시오.,-,K-Pharm API (AI Processed)
나프록신정(나프록센나트륨),나프록센나트륨,비스테로이드성 소염진통제,알코올,음료,caution,위장 출혈 위험 증가,위장 출혈 가능성 증가,"매일 세 잔 이상 정기적으로 음주하는 경우, 이 약 복용 전 의사 또는 약사와 상의하십시오.",-,K-Pharm API (AI Processed)
베세틴액(포비돈요오드),포비돈요오드,외용 소독제,없음,없음,no_interaction,없음,없음,없음,-,K-Pharm API (AI Processed)
훼리탑에프캡슐,Unknown,Unknown,녹차,차,warning,탄닌 성분이 철분 흡수를 방해할 수 있습니다.,약효 감소,"복용 중, 복용 전후에는 피하십시오.",-,K-Pharm API (AI Processed)
훼리탑에프캡슐,Unknown,Unknown,홍차,차,warning,탄닌 성분이 철분 흡수를 방해할 수 있습니다.,약효 감소,"복용 중, 복용 전후에는 피하십시오.",-,K-Pharm API (AI Processed)
훼리탑에프캡슐,Unknown,Unknown,우유,유제품,warning,칼슘 성분이 철분 흡수를 방해할 수 있습니다.,약효 감소,"복용 중, 복용 전후에는 피하십시오.",-,K-Pharm API (AI Processed)
훼리탑에프캡슐,Unknown,Unknown,유제품,유제품,warning,칼슘 성분이 철분 흡수를 방해할 수 있습니다.,약효 감소,"복용 중, 복용 전후에는 피하십시오.",-,K-Pharm API (AI Processed)
코뚜에프시럽,Unknown,Unknown,알코올,알코올,danger,알코올은 코뚜에프시럽의 부작용을 증가시킬 수 있습니다.,"졸음, 어지러움, 집중력 저하 등 부작용 증가.",함께 복용하지 마십시오.,-,K-Pharm API (AI Processed)
다보타민큐정,Unknown,Unknown,녹차,차,warning,탄닌 성분이 약물 흡수를 방해할 수 있습니다.,약물 효과 감소,"복용 중, 복용 전후에는 녹차를 피하십시오.",-,K-Pharm API (AI Processed)
다보타민큐정,Unknown,Unknown,홍차,차,warning,탄닌 성분이 약물 흡수를 방해할 수 있습니다.,약물 효과 감소,"복용 중, 복용 전후에는 홍차를 피하십시오.",-,K-Pharm API (AI Processed)
진셀몬에스이정,Unknown,Unknown,녹차,차,warning,탄닌 성분이 약물 흡수를 방해할 수 있습니다.,약효 감소,"복용 중, 복용 전후에는 녹차를 피하십시오.",-,K-Pharm API (AI Processed)
진셀몬에스이정,Unknown,Unknown,홍차,차,warning,탄닌 성분이 약물 흡수를 방해할 수 있습니다.,약효 감소,"복용 중, 복용 전후에는 홍차를 피하십시오.",-,K-Pharm API (AI Processed)
하이비날골드정,Unknown,Unknown,녹차,차,warning,탄닌 성분이 약물 흡수를 방해할 수 있습니다.,약효 감소,"복용 중, 복용 전후에는 녹차를 피하십시오.",-,K-Pharm API (AI Processed)
하이비날골드정,Unknown,Unknown,홍차,차,warning,탄닌 성분이 약물 흡수를 방해할 수 있습니다.,약효 감소,"복용 중, 복용 전후에는 홍차를 피하십시오.",-,K-Pharm API (AI Processed)
후리졸정(알벤다졸),알벤다졸,구충제,없음,없음,no_interaction,없음,없음,없음,-,K-Pharm API (AI Processed)
무라졸외용액(테르비나핀염산염),테르비나핀염산염,항진균제,없음,없음,no_interaction,없음,없음,없음,-,K-Pharm API (AI Processed)
헤모콤플러스연질캡슐(수출명: COMHEMO),Unknown,Unknown,"녹차, 홍차 등 탄닌을 함유하는 차",차,warning,탄닌은 철분 흡수를 방해할 수 있습니다.,철분 흡수 감소로 약효가 감소할 수 있습니다.,"복용 중, 복용 전후에는 피하십시오.",-,K-Pharm API (AI Processed)
헤모콤플러스연질캡슐(수출명: COMHEMO),Unknown,Unknown,"우유, 유제품",유제품,warning,칼슘은 철분 흡수를 방해할 수 있습니다.,철분 흡수 감소로 약효가 감소할 수 있습니다.,"복용 중, 복용 전후에는 피하십시오.",-,K-Pharm API (AI Processed)
"람노스캡슐(락토바실루스카제이변종람노수스)(수출명1: 올바이오캡슐, 수출명2: 안티비오포르테캡슐)",락토바실루스카제이변종람노수스,프로바이오틱스,생음식,기타,caution,설사 시 생음식 섭취는 증상을 악화시킬 수 있습니다.,설사 증상 악화,설사 증상이 있는 동안 생음식 섭취를 피하십시오.,-,K-Pharm API (AI Processed)
"람노스캡슐(락토바실루스카제이변종람노수스)(수출명1: 올바이오캡슐, 수출명2: 안티비오포르테캡슐)",락토바실루스카제이변종람노수스,프로바이오틱스,과일,과일,caution,설사 시 과일 섭취는 증상을 악화시킬 수 있습니다.,설사 증상 악화,설사 증상이 있는 동안 과일 섭취를 피하십시오.,-,K-Pharm API (AI Processed)
"람노스캡슐(락토바실루스카제이변종람노수스)(수출명1: 올바이오캡슐, 수출명2: 안티비오포르테캡슐)",락토바실루스카제이변종람노수스,프로바이오틱스,야채,채소,caution,설사 시 야채 섭취는 증상을 악화시킬 수 있습니다.,설사 증상 악화,설사 증상이 있는 동안 야채 섭취를 피하십시오.,-,K-Pharm API (AI Processed)
"람노스캡슐(락토바실루스카제이변종람노수스)(수출명1: 올바이오캡슐, 수출명2: 안티비오포르테캡슐)",락토바실루스카제이변종람노수스,프로바이오틱스,매운 음식,기타,caution,설사 시 매운 음식 섭취는 증상을 악화시킬 수 있습니다.,설사 증상 악화,설사 증상이 있는 동안 매운 음식 섭취를 피하십시오.,-,K-Pharm API (AI Processed)
"람노스캡슐(락토바실루스카제이변종람노수스)(수출명1: 올바이오캡슐, 수출명2: 안티비오포르테캡슐)",락토바실루스카제이변종람노수스,프로바이오틱스,냉동된 음식 또는 음료,기타,caution,설사 시 냉동된 음식 또는 음료 섭취는 증상을 악화시킬 수 있습니다.,설사 증상 악화,설사 증상이 있는 동안 냉동된 음식 또는 음료 섭취를 피하십시오.,-,K-Pharm API (AI Processed)
알파칼연질캡슐(알파칼시돌),알파칼시돌,비타민 D 유도체,칼슘,미네랄,caution,칼슘 섭취에 대한 지시를 준수해야 함.,고칼슘혈증 위험 증가,식이 또는 보급제로서 칼슘 섭취에 대한 지시를 준수하십시오.,-,K-Pharm API (AI Processed)
마그네스정,Unknown,Unknown,녹차,차,warning,탄닌 성분이 약물 흡수를 방해할 수 있습니다.,약물 효과 감소,"복용 중, 복용 전후에는 녹차를 피하십시오.",-,K-Pharm API (AI Processed)
마그네스정,Unknown,Unknown,홍차,차,warning,탄닌 성분이 약물 흡수를 방해할 수 있습니다.,약물 효과 감소,"복용 중, 복용 전후에는 홍차를 피하십시오.",-,K-Pharm API (AI Processed)
뉴젠비싸이모정,Unknown,Unknown,NO_INTERACTION,NO_INTERACTION,no_interaction,NO_INTERACTION,NO_INTERACTION,NO_INTERACTION,-,K-Pharm API (AI Processed)
히아로겔(히알루론산나트륨),히알루론산나트륨,구강 점막 치료제,없음,없음,no_interaction,없음,없음,없음,-,K-Pharm API (AI Processed)
써스펜8시간이알서방정650밀리그램(아세트아미노펜),아세트아미노펜,해열진통제,알코올,알코올,danger,아세트아미노펜과 알코올은 간 손상의 위험을 증가시킵니다.,간 손상 위험 증가,이 약을 복용하는 동안 알코올 섭취를 피하십시오.,-,K-Pharm API (AI Processed)
스피드펜연질캡슐200밀리그램(이부프로펜),이부프로펜,비스테로이드성 소염진통제,알코올,음료,caution,위장 출혈 위험 증가,위장 출혈 가능성 증가,매일 세 잔 이상 정기적으로 음주하는 경우 의사 또는 약사와 상의하십시오.,-,K-Pharm API (AI Processed)
하디코프에프정,Unknown,Unknown,알코올,알코올,danger,알코올은 하디코프에프정의 성분과 상호작용하여 간 손상을 증가시킬 수 있습니다.,간 손상 위험 증가,복용 중에는 음주하지 마십시오.,-,K-Pharm API (AI Processed)
에카펜씨정,Unknown,Unknown,알코올,알코올,danger,간 손상 위험 증가,간 손상 위험 증가,복용 중에는 음주하지 마십시오.,-,K-Pharm API (AI Processed)
마로엘정,알 수 없음,알 수 없음,우유,유제품,caution,흡수 방해 가능성,약효 감소 가능성,우유 섭취 후 1시간 이내 복용을 피하십시오.,-,K-Pharm API (AI Processed)
두배락캡슐(바실루스리케니포르미스균),바실루스리케니포르미스균,프로바이오틱스,우유,유제품,caution,"유아의 경우 캡슐 내용물을 우유에 타서 복용할 수 있습니다. (우유에 타서 복용 시, 유당 불내성 환자는 주의)",유당 불내성 환자에게 소화 불량 가능성,유당 불내성 환자는 우유 섭취에 주의하십시오.,물,K-Pharm API (AI Processed)
세브론에이시럽,Unknown,Unknown,알코올,알코올,warning,알코올과 함께 복용 시 졸음을 유발할 수 있습니다.,과도한 졸음,알코올 섭취를 피하십시오.,-,K-Pharm API (AI Processed)
에스빌연질캡슐(덱시부프로펜),덱시부프로펜,비스테로이드성 소염진통제,알코올,알코올,caution,위장 출혈 위험 증가,위장 출혈 가능성 증가,"매일 세 잔 이상 정기적으로 음주하는 경우, 의사 또는 약사와 상의하십시오.",-,K-Pharm API (AI Processed)
니타딘정(니자티딘),니자티딘,H2 수용체 길항제,카페인,음료,caution,상호작용 기전은 명시되지 않음.,상호작용으로 인한 임상적 영향은 명시되지 않음.,복용 중에는 피하십시오.,-,K-Pharm API (AI Processed)
니타딘정(니자티딘),니자티딘,H2 수용체 길항제,초콜렛,기타,caution,상호작용 기전은 명시되지 않음.,상호작용으로 인한 임상적 영향은 명시되지 않음.,복용 중에는 피하십시오.,-,K-Pharm API (AI Processed)
니타딘정(니자티딘),니자티딘,H2 수용체 길항제,튀긴 음식,기타,caution,상호작용 기전은 명시되지 않음.,상호작용으로 인한 임상적 영향은 명시되지 않음.,복용 중에는 피하십시오.,-,K-Pharm API (AI Processed)
니타딘정(니자티딘),니자티딘,H2 수용체 길항제,알코올,음료,warning,상호작용 기전은 명시되지 않음.,상호작용으로 인한 임상적 영향은 명시되지 않음.,복용 중에는 음주하지 마십시오.,-,K-Pharm API (AI Processed)
구미포비스왑스틱(포비돈요오드)(수출명:포비딕),포비돈 요오드,살균 소독제,없음,없음,no_interaction,없음,없음,-,-,K-Pharm API (AI Processed)
노플정,Unknown,Unknown,알코올,알코올,warning,알코올은 중추신경억제 효과를 증가시킬 수 있습니다.,"졸음 증가, 어지러움, 호흡 억제 등의 부작용 위험 증가.",약 복용 중에는 알코올 섭취를 피하십시오.,-,K-Pharm API (AI Processed)
알파간피점안액0.15%(브리모니딘타르타르산염),브리모니딘 타르타르산염,녹내장 치료제,알코올,음료,warning,중추신경억제제인 알코올과 병용 시 진정 효과가 증가할 수 있습니다.,"과도한 졸음, 어지러움, 호흡 억제 등의 부작용 위험 증가.",알파간피점안액 사용 중에는 알코올 섭취를 피하거나 의사 또는 약사와 상의하십시오.,-,K-Pharm API (AI Processed)
듀라프렙외용액,Unknown,Unknown,NO_INTERACTION,NO_INTERACTION,no_interaction,NO_INTERACTION,NO_INTERACTION,NO_INTERACTION,-,K-Pharm API (AI Processed)
스노콜정,Unknown,Unknown,알코올성 음료,알코올,warning,알코올은 약물의 진정 효과를 증가시킬 수 있습니다.,"과도한 졸음, 어지러움, 집중력 저하.",약 복용 중에는 알코올성 음료를 피하십시오.,-,K-Pharm API (AI Processed)
모드콜시럽,Unknown,Unknown,알코올,음료,warning,알코올은 모드콜시럽의 부작용을 악화시킬 수 있습니다.,"졸음 증가, 간 손상 위험 증가",복용 중에는 음주하지 마십시오.,-,K-Pharm API (AI Processed)
덱시로펜정(덱시부프로펜),덱시부프로펜,비스테로이드성 소염진통제,알코올,음료,caution,위장 출혈 위험 증가,위장 출혈 가능성 증가,"매일 세 잔 이상 정기적으로 음주하는 경우, 의사 또는 약사와 상의하십시오.",-,K-Pharm API (AI Processed)
이지엔6애니연질캡슐(이부프로펜),이부프로펜,비스테로이드성 소염진통제,알코올,알코올,caution,위장 출혈 위험 증가,위장 출혈 가능성 증가,"매일 세 잔 이상 정기적으로 음주하는 경우, 이 약 또는 다른 해열진통제 복용 전 의사 또는 약사와 상의하십시오.",-,K-Pharm API (AI Processed)
이지엔6애니연질캡슐(이부프로펜),이부프로펜,비스테로이드성 소염진통제,음식,일반,caution,공복 시 복용 시 위장 자극 가능성,위장 자극 및 불편감,체중이 30 kg 미만인 경우 공복 시 복용은 피하는 것이 바람직합니다.,-,K-Pharm API (AI Processed)
"이지엔6프로연질캡슐(덱시부프로펜)(수출명:DAUFENSoftCapsule,SPEEDFEN)",덱시부프로펜,비스테로이드성 소염진통제,알코올,음료,warning,알코올은 위장관 자극을 증가시키고 덱시부프로펜의 위장관 부작용 위험을 증가시킬 수 있습니다.,위장관 출혈 및 궤양 위험 증가,이 약을 복용하는 동안 알코올 섭취를 피하십시오.,-,K-Pharm API (AI Processed)
"삐콤씨에이스정
(수출명:유한삐콤씨에이스정)",Unknown,Unknown,"녹차, 홍차 등 탄닌을 함유하는 차",차,warning,탄닌은 비타민 C의 흡수를 방해할 수 있습니다.,약효 감소,"복용 중, 복용 전후에는 피하십시오.",-,K-Pharm API (AI Processed)
에카씬정,아세트아미노펜,해열진통제,알코올,알코올,danger,"알코올은 간 손상을 유발할 수 있으며, 아세트아미노펜과 함께 복용 시 간 손상 위험이 증가합니다.",간 손상 위험 증가,복용 중에는 음주하지 마십시오.,-,K-Pharm API (AI Processed)
아나탁심정(나프록센나트륨),나프록센나트륨,비스테로이드성 소염진통제,알코올,음료,caution,위장 출혈 위험 증가,위장 출혈 위험 증가,"매일 세 잔 이상 정기적으로 음주하는 경우, 의사 또는 약사와 상의하십시오.",-,K-Pharm API (AI Processed)
페리닥터캡슐,Unknown,Unknown,녹차,차,warning,탄닌 성분이 철분 흡수를 방해할 수 있습니다.,약효 감소,"복용 중, 복용 전후에는 피하십시오.",-,K-Pharm API (AI Processed)
페리닥터캡슐,Unknown,Unknown,홍차,차,warning,탄닌 성분이 철분 흡수를 방해할 수 있습니다.,약효 감소,"복용 중, 복용 전후에는 피하십시오.",-,K-Pharm API (AI Processed)
페리닥터캡슐,Unknown,Unknown,우유,유제품,warning,칼슘 성분이 철분 흡수를 방해할 수 있습니다.,약효 감소,"복용 중, 복용 전후에는 피하십시오.",-,K-Pharm API (AI Processed)
페리닥터캡슐,Unknown,Unknown,유제품,유제품,warning,칼슘 성분이 철분 흡수를 방해할 수 있습니다.,약효 감소,"복용 중, 복용 전후에는 피하십시오.",-,K-Pharm API (AI Processed)
비타콤비500정,Unknown,Unknown,녹차,차,warning,탄닌 성분이 비타민 흡수를 방해할 수 있습니다.,약효 감소,"복용 중, 복용 전후에는 녹차를 피하십시오.",-,K-Pharm API (AI Processed)
비타콤비500정,Unknown,Unknown,홍차,차,warning,탄닌 성분이 비타민 흡수를 방해할 수 있습니다.,약효 감소,"복용 중, 복용 전후에는 홍차를 피하십시오.",-,K-Pharm API (AI Processed)
훼로바프리미엄캡슐,Unknown,Unknown,녹차,차,warning,탄닌 성분이 철분 흡수를 방해할 수 있습니다.,철분 흡수 감소,"복용 중, 복용 전후에는 피하십시오.",-,K-Pharm API (AI Processed)
훼로바프리미엄캡슐,Unknown,Unknown,홍차,차,warning,탄닌 성분이 철분 흡수를 방해할 수 있습니다.,철분 흡수 감소,"복용 중, 복용 전후에는 피하십시오.",-,K-Pharm API (AI Processed)
훼로바프리미엄캡슐,Unknown,Unknown,우유,유제품,warning,칼슘이 철분 흡수를 방해할 수 있습니다.,철분 흡수 감소,"복용 중, 복용 전후에는 피하십시오.",-,K-Pharm API (AI Processed)
훼로바프리미엄캡슐,Unknown,Unknown,유제품,유제품,warning,칼슘이 철분 흡수를 방해할 수 있습니다.,철분 흡수 감소,"복용 중, 복용 전후에는 피하십시오.",-,K-Pharm API (AI Processed)
훼르친캡슐,철분,철분제,녹차,차,warning,탄닌 성분이 철분 흡수를 방해할 수 있습니다.,철분 흡수 감소,"복용 중, 복용 전후에는 피하십시오.",-,K-Pharm API (AI Processed)
훼르친캡슐,철분,철분제,홍차,차,warning,탄닌 성분이 철분 흡수를 방해할 수 있습니다.,철분 흡수 감소,"복용 중, 복용 전후에는 피하십시오.",-,K-Pharm API (AI Processed)
훼르친캡슐,철분,철분제,우유,유제품,warning,칼슘이 철분 흡수를 방해할 수 있습니다.,철분 흡수 감소,"복용 중, 복용 전후에는 피하십시오.",-,K-Pharm API (AI Processed)
훼르친캡슐,철분,철분제,유제품,유제품,warning,칼슘이 철분 흡수를 방해할 수 있습니다.,철분 흡수 감소,"복용 중, 복용 전후에는 피하십시오.",-,K-Pharm API (AI Processed)
데코라펜연질캡슐(덱시부프로펜),덱시부프로펜,비스테로이드성 소염진통제,알코올,알코올,caution,위장 출혈 위험 증가,위장 출혈 가능성 증가,"매일 세 잔 이상 정기적으로 음주하는 경우, 이 약 또는 다른 해열진통제 복용 전 의사 또는 약사와 상의하십시오.",-,K-Pharm API (AI Processed)
헤모드림캡슐,Unknown,Unknown,녹차,차,warning,탄닌 성분이 철분 흡수를 방해할 수 있습니다.,철분 흡수 감소,"복용 중, 복용 전후에는 피하십시오.",-,K-Pharm API (AI Processed)
헤모드림캡슐,Unknown,Unknown,홍차,차,warning,탄닌 성분이 철분 흡수를 방해할 수 있습니다.,철분 흡수 감소,"복용 중, 복용 전후에는 피하십시오.",-,K-Pharm API (AI Processed)
헤모드림캡슐,Unknown,Unknown,우유,유제품,warning,칼슘 성분이 철분 흡수를 방해할 수 있습니다.,철분 흡수 감소,"복용 중, 복용 전후에는 피하십시오.",-,K-Pharm API (AI Processed)
헤모드림캡슐,Unknown,Unknown,유제품,유제품,warning,칼슘 성분이 철분 흡수를 방해할 수 있습니다.,철분 흡수 감소,"복용 중, 복용 전후에는 피하십시오.",-,K-Pharm API (AI Processed)
속코정,알 수 없음,알 수 없음,알코올성 음료,알코올,warning,알코올은 속코정의 부작용을 악화시킬 수 있습니다.,"졸음 증가, 어지러움, 인지 능력 저하",복용 중에는 알코올성 음료를 피하십시오.,-,K-Pharm API (AI Processed)
콤비올에이정,Unknown,Unknown,알코올,알코올,danger,"알코올은 간 손상을 유발할 수 있으며, 콤비올에이정에 포함된 아세트아미노펜 역시 간 독성을 유발할 수 있습니다. 두 물질의 병용은 간 손상의 위험을 증가시킵니다.",간 손상 위험 증가,복용 중에는 음주하지 마십시오.,-,K-Pharm API (AI Processed)
페리비타캡슐,Unknown,Unknown,녹차,차,warning,탄닌 성분이 철분 흡수를 방해할 수 있습니다.,철분 흡수 감소,"복용 중, 복용 전후에는 피하십시오.",-,K-Pharm API (AI Processed)
페리비타캡슐,Unknown,Unknown,홍차,차,warning,탄닌 성분이 철분 흡수를 방해할 수 있습니다.,철분 흡수 감소,"복용 중, 복용 전후에는 피하십시오.",-,K-Pharm API (AI Processed)
페리비타캡슐,Unknown,Unknown,우유,유제품,warning,칼슘이 철분 흡수를 방해할 수 있습니다.,철분 흡수 감소,"복용 중, 복용 전후에는 피하십시오.",-,K-Pharm API (AI Processed)
페리비타캡슐,Unknown,Unknown,유제품,유제품,warning,칼슘이 철분 흡수를 방해할 수 있습니다.,철분 흡수 감소,"복용 중, 복용 전후에는 피하십시오.",-,K-Pharm API (AI Processed)
타이펜8시간이알서방정,아세트아미노펜,해열진통제,알코올,음료,danger,"알코올은 간 손상을 유발할 수 있으며, 아세트아미노펜과 함께 복용 시 간 손상 위험을 증가시킵니다.",간 손상 위험 증가,알코올 섭취를 피하십시오.,-,K-Pharm API (AI Processed)
헤모테인캡슐,Unknown,Unknown,녹차,차,warning,탄닌 성분이 철분 흡수를 방해할 수 있습니다.,철분 흡수 감소로 약효가 떨어질 수 있습니다.,"복용 중, 복용 전후에는 녹차를 피하십시오.",-,K-Pharm API (AI Processed)
헤모테인캡슐,Unknown,Unknown,홍차,차,warning,탄닌 성분이 철분 흡수를 방해할 수 있습니다.,철분 흡수 감소로 약효가 떨어질 수 있습니다.,"복용 중, 복용 전후에는 홍차를 피하십시오.",-,K-Pharm API (AI Processed)
헤모테인캡슐,Unknown,Unknown,우유,유제품,warning,칼슘 성분이 철분 흡수를 방해할 수 있습니다.,철분 흡수 감소로 약효가 떨어질 수 있습니다.,"복용 중, 복용 전후에는 우유를 피하십시오.",-,K-Pharm API (AI Processed)
헤모테인캡슐,Unknown,Unknown,유제품,유제품,warning,칼슘 성분이 철분 흡수를 방해할 수 있습니다.,철분 흡수 감소로 약효가 떨어질 수 있습니다.,"복용 중, 복용 전후에는 유제품을 피하십시오.",-,K-Pharm API (AI Processed)
아페린정,아세트아미노펜,해열진통제,알코올,알코올,warning,아세트아미노펜과 알코올은 간 손상 위험을 증가시킬 수 있습니다.,간 손상 위험 증가,복용 중에는 음주하지 마십시오. 매일 세 잔 이상 정기적으로 음주하는 사람은 의사 또는 약사와 상의하십시오.,-,K-Pharm API (AI Processed)
비컴쿨캡슐,Unknown,Unknown,알코올,알코올,warning,알코올은 중추신경억제 효과를 증가시킬 수 있습니다.,"졸음 증가, 어지러움, 호흡 억제 등의 부작용 위험 증가.",이 약을 복용하는 동안 알코올 섭취를 피하십시오.,-,K-Pharm API (AI Processed)
훼너지캡슐,Unknown,Unknown,녹차,차,warning,탄닌 성분이 철분 흡수를 방해할 수 있습니다.,약효 감소,"복용 중, 복용 전후에는 피하십시오.",-,K-Pharm API (AI Processed)
훼너지캡슐,Unknown,Unknown,홍차,차,warning,탄닌 성분이 철분 흡수를 방해할 수 있습니다.,약효 감소,"복용 중, 복용 전후에는 피하십시오.",-,K-Pharm API (AI Processed)
훼너지캡슐,Unknown,Unknown,우유,유제품,warning,칼슘 성분이 철분 흡수를 방해할 수 있습니다.,약효 감소,"복용 중, 복용 전후에는 피하십시오.",-,K-Pharm API (AI Processed)
훼너지캡슐,Unknown,Unknown,유제품,유제품,warning,칼슘 성분이 철분 흡수를 방해할 수 있습니다.,약효 감소,"복용 중, 복용 전후에는 피하십시오.",-,K-Pharm API (AI Processed)
에이스펜연질캡슐(나프록센),나프록센,비스테로이드성 소염진통제,알코올,음료,warning,위장 출혈 위험 증가,위장 출혈 가능성 증가,"매일 세 잔 이상 정기적으로 음주하는 경우, 이 약 복용 전 의사 또는 약사와 상의하십시오.",-,K-Pharm API (AI Processed)
벤다졸정(알벤다졸),알벤다졸,구충제,없음,없음,no_interaction,없음,없음,-,-,K-Pharm API (AI Processed)
오트리빈베이비내추럴비강분무액(염화나트륨),염화나트륨,비강 분무액,해당 없음,해당 없음,no_interaction,해당 없음,해당 없음,해당 없음,-,K-Pharm API (AI Processed)
더존오팔레센스10%(카바마이드퍼옥사이드),카바마이드퍼옥사이드,치아 미백제,담배,기타,caution,치료 중 담배는 치아 미백 효과를 저해할 수 있습니다.,치아 미백 효과 감소,치료 중 담배를 피하는 것이 좋습니다.,-,K-Pharm API (AI Processed)
더존오팔레센스10%(카바마이드퍼옥사이드),카바마이드퍼옥사이드,치아 미백제,커피,음료,caution,치료 중 커피는 치아 미백 효과를 저해할 수 있습니다.,치아 미백 효과 감소,치료 중 커피를 마시지 않는 것이 좋습니다.,-,K-Pharm API (AI Processed)
더존오팔레센스10%(카바마이드퍼옥사이드),카바마이드퍼옥사이드,치아 미백제,쥬스,음료,caution,치료 중 쥬스는 치아 미백 효과를 저해할 수 있습니다.,치아 미백 효과 감소,치료 중 쥬스를 마시지 않는 것이 좋습니다.,-,K-Pharm API (AI Processed)
칼테오-40정(Calteo-40Tablets),Unknown,Unknown,녹차,차,warning,탄닌 성분이 약물 흡수를 방해할 수 있습니다.,약물 효과 감소,"복용 중, 복용 전후에는 녹차를 피하십시오.",-,K-Pharm API (AI Processed)
칼테오-40정(Calteo-40Tablets),Unknown,Unknown,홍차,차,warning,탄닌 성분이 약물 흡수를 방해할 수 있습니다.,약물 효과 감소,"복용 중, 복용 전후에는 홍차를 피하십시오.",-,K-Pharm API (AI Processed)
리버쿨환,Unknown,Unknown,NO_INTERACTION,NO_INTERACTION,no_interaction,NO_INTERACTION,NO_INTERACTION,NO_INTERACTION,-,K-Pharm API (AI Processed)
훼러진플러스캡슐,Unknown,Unknown,녹차,차,warning,탄닌 성분이 철분 흡수를 방해할 수 있습니다.,철분 흡수 감소,"복용 중, 복용 전후에는 피하십시오.",-,K-Pharm API (AI Processed)
훼러진플러스캡슐,Unknown,Unknown,홍차,차,warning,탄닌 성분이 철분 흡수를 방해할 수 있습니다.,철분 흡수 감소,"복용 중, 복용 전후에는 피하십시오.",-,K-Pharm API (AI Processed)
훼러진플러스캡슐,Unknown,Unknown,우유,유제품,warning,칼슘 성분이 철분 흡수를 방해할 수 있습니다.,철분 흡수 감소,"복용 중, 복용 전후에는 피하십시오.",-,K-Pharm API (AI Processed)
훼러진플러스캡슐,Unknown,Unknown,유제품,유제품,warning,칼슘 성분이 철분 흡수를 방해할 수 있습니다.,철분 흡수 감소,"복용 중, 복용 전후에는 피하십시오.",-,K-Pharm API (AI Processed)
펙손정120밀리그램(펙소페나딘염산염),펙소페나딘염산염,항히스타민제,자몽주스,과일,warning,펙소페나딘의 효과 감소,약효 감소,물과 함께 복용하십시오.,-,K-Pharm API (AI Processed)
펙손정120밀리그램(펙소페나딘염산염),펙소페나딘염산염,항히스타민제,오렌지 주스,과일,warning,펙소페나딘의 효과 감소,약효 감소,물과 함께 복용하십시오.,-,K-Pharm API (AI Processed)
펙손정120밀리그램(펙소페나딘염산염),펙소페나딘염산염,항히스타민제,사과 주스,과일,warning,펙소페나딘의 효과 감소,약효 감소,물과 함께 복용하십시오.,-,K-Pharm API (AI Processed)
칼디텍츄어블정,Unknown,Unknown,녹차,차,caution,탄닌 성분은 약물 흡수를 방해할 수 있습니다.,약물 효과 감소,"복용 중, 복용 전후에는 피하십시오.",-,K-Pharm API (AI Processed)
칼디텍츄어블정,Unknown,Unknown,홍차,차,caution,탄닌 성분은 약물 흡수를 방해할 수 있습니다.,약물 효과 감소,"복용 중, 복용 전후에는 피하십시오.",-,K-Pharm API (AI Processed)
마이락스산(폴리에틸렌글리콜3350),폴리에틸렌글리콜3350,변비 치료제,"물, 주스, 소다, 커피, 차",음료,caution,약물 용해 및 복용 방법,약물 효과에 영향 없음,"약 240 mL의 물, 주스, 소다, 커피, 차 등에 녹여서 복용하십시오.",-,K-Pharm API (AI Processed)
타나센정,아세트아미노펜,해열진통제,알코올,알코올,warning,알코올은 아세트아미노펜의 간 독성을 증가시킬 수 있습니다.,간 손상 위험 증가,"매일 세 잔 이상 정기적으로 음주하는 경우, 이 약 또는 다른 해열진통제를 복용하기 전에 의사 또는 약사와 상의하십시오.",-,K-Pharm API (AI Processed)
슈카민정,Unknown,Unknown,알코올,알코올,danger,간 손상 위험 증가,간 손상 위험 증가,복용 중에는 음주하지 마십시오.,-,K-Pharm API (AI Processed)
프라스칼-디정750밀리그람,Unknown,Unknown,녹차,차,warning,탄닌 성분이 약물 흡수를 방해할 수 있습니다.,약효 감소,"복용 중, 복용 전후에는 녹차를 피하십시오.",-,K-Pharm API (AI Processed)
프라스칼-디정750밀리그람,Unknown,Unknown,홍차,차,warning,탄닌 성분이 약물 흡수를 방해할 수 있습니다.,약효 감소,"복용 중, 복용 전후에는 홍차를 피하십시오.",-,K-Pharm API (AI Processed)
나프노펜정(나프록센나트륨),나프록센나트륨,비스테로이드성 소염진통제,알코올,음료,caution,위장 출혈 위험 증가,위장 출혈 가능성 증가,"매일 세 잔 이상 정기적으로 음주하는 경우, 이 약 복용 전 의사 또는 약사와 상의하십시오.",-,K-Pharm API (AI Processed)
졸리민정,Unknown,Unknown,알코올,알코올,warning,알코올은 졸리민정의 간 손상 위험을 증가시킬 수 있습니다.,간 손상 위험 증가,"매일 세 잔 이상 정기적으로 음주하는 경우, 졸리민정 복용 전 의사 또는 약사와 상의하십시오.",-,K-Pharm API (AI Processed)
진셀몬큐텐정,Unknown,Unknown,녹차,차,warning,탄닌 성분이 약물 흡수를 방해할 수 있습니다.,약물 효과 감소,"복용 중, 복용 전후에는 녹차를 피하십시오.",-,K-Pharm API (AI Processed)
진셀몬큐텐정,Unknown,Unknown,홍차,차,warning,탄닌 성분이 약물 흡수를 방해할 수 있습니다.,약물 효과 감소,"복용 중, 복용 전후에는 홍차를 피하십시오.",-,K-Pharm API (AI Processed)
바른솔크림,알 수 없음,알 수 없음,알 수 없음,알 수 없음,no_interaction,알 수 없음,알 수 없음,알 수 없음,-,K-Pharm API (AI Processed)
벤트락스겔(수출명 : SUNTRAX GEL),Unknown,Unknown,NO_INTERACTION,NO_INTERACTION,no_interaction,NO_INTERACTION,NO_INTERACTION,NO_INTERACTION,-,K-Pharm API (AI Processed)
이벤탁연고(트리암시놀론아세토니드),트리암시놀론아세토니드,코르티코스테로이드,음식,일반,caution,약물 흡수에 영향을 미칠 수 있습니다.,약물 효과 감소 가능성.,사용 후 바로 음식을 섭취하지 마십시오.,-,K-Pharm API (AI Processed)
알로탈정,Unknown,Unknown,알코올성 음료,알코올,warning,알코올과 함께 복용 시 약물의 부작용을 증가시킬 수 있습니다.,"졸음, 어지러움, 혼란감 등 부작용 증가",복용 중에는 알코올성 음료를 피하십시오.,-,K-Pharm API (AI Processed)
"스카벡스겔(수출명:SCARCONVEX, OFSCAR, SCAROBEX)",알 수 없음,알 수 없음,해당 없음,해당 없음,해당 없음,해당 없음,해당 없음,해당 없음,-,K-Pharm API (AI Processed)
훼로모아캡슐,Unknown,Unknown,녹차,차,warning,탄닌 성분이 철분 흡수를 방해할 수 있습니다.,철분 흡수 감소,"복용 중, 복용 전후에는 피하십시오.",-,K-Pharm API (AI Processed)
훼로모아캡슐,Unknown,Unknown,홍차,차,warning,탄닌 성분이 철분 흡수를 방해할 수 있습니다.,철분 흡수 감소,"복용 중, 복용 전후에는 피하십시오.",-,K-Pharm API (AI Processed)
훼로모아캡슐,Unknown,Unknown,우유,유제품,warning,칼슘 성분이 철분 흡수를 방해할 수 있습니다.,철분 흡수 감소,"복용 중, 복용 전후에는 피하십시오.",-,K-Pharm API (AI Processed)
훼로모아캡슐,Unknown,Unknown,유제품,유제품,warning,칼슘 성분이 철분 흡수를 방해할 수 있습니다.,철분 흡수 감소,"복용 중, 복용 전후에는 피하십시오.",-,K-Pharm API (AI Processed)
크린탈정(아세트아미노펜),아세트아미노펜,해열진통제,알코올,음료,warning,알코올은 아세트아미노펜의 간 독성을 증가시킬 수 있습니다.,간 손상 위험 증가,"매일 세 잔 이상 정기적으로 음주하는 경우, 이 약 복용 전 의사 또는 약사와 상의하십시오.",-,K-Pharm API (AI Processed)
투헬스연질캡슐,Unknown,Unknown,녹차,차,warning,탄닌 성분이 약물 흡수를 방해할 수 있습니다.,약효 감소,"복용 중, 복용 전후에는 녹차를 피하십시오.",-,K-Pharm API (AI Processed)
투헬스연질캡슐,Unknown,Unknown,홍차,차,warning,탄닌 성분이 약물 흡수를 방해할 수 있습니다.,약효 감소,"복용 중, 복용 전후에는 홍차를 피하십시오.",-,K-Pharm API (AI Processed)
더모백겔,Unknown,Unknown,NO_INTERACTION,NO_INTERACTION,no_interaction,NO_INTERACTION,NO_INTERACTION,NO_INTERACTION,-,K-Pharm API (AI Processed)
디카맥스1000정,Unknown,Unknown,녹차,차,warning,탄닌 성분은 칼슘 흡수를 방해할 수 있습니다.,약물 흡수 감소,"복용 중, 복용 전후에는 녹차를 피하십시오.",-,K-Pharm API (AI Processed)
디카맥스1000정,Unknown,Unknown,홍차,차,warning,탄닌 성분은 칼슘 흡수를 방해할 수 있습니다.,약물 흡수 감소,"복용 중, 복용 전후에는 홍차를 피하십시오.",-,K-Pharm API (AI Processed)
벨라제정(브로멜라인),브로멜라인,단백질 분해 효소,없음,없음,no_interaction,없음,없음,-,-,K-Pharm API (AI Processed)
경남그린웰연질캡슐,Unknown,Unknown,녹차,차,warning,탄닌 성분이 약물 흡수를 방해할 수 있습니다.,약효 감소,"복용 중, 복용 전후에는 녹차를 피하십시오.",-,K-Pharm API (AI Processed)
경남그린웰연질캡슐,Unknown,Unknown,홍차,차,warning,탄닌 성분이 약물 흡수를 방해할 수 있습니다.,약효 감소,"복용 중, 복용 전후에는 홍차를 피하십시오.",-,K-Pharm API (AI Processed)
니자티드정(니자티딘),니자티딘,H2 수용체 길항제,카페인,음료,caution,알 수 없음,알 수 없음,복용 중에는 피하십시오.,-,K-Pharm API (AI Processed)
니자티드정(니자티딘),니자티딘,H2 수용체 길항제,초콜렛,기타,caution,알 수 없음,알 수 없음,복용 중에는 피하십시오.,-,K-Pharm API (AI Processed)
니자티드정(니자티딘),니자티딘,H2 수용체 길항제,튀긴 음식,기타,caution,알 수 없음,알 수 없음,복용 중에는 피하십시오.,-,K-Pharm API (AI Processed)
니자티드정(니자티딘),니자티딘,H2 수용체 길항제,알코올,음료,warning,알 수 없음,알 수 없음,복용 중에는 음주하지 마십시오.,-,K-Pharm API (AI Processed)
레디페린-에프캡슐,Unknown,Unknown,"녹차, 홍차 등 탄닌을 함유하는 차",차,warning,탄닌은 철분 흡수를 방해할 수 있습니다.,철분 흡수 감소,"복용 중, 복용 전후에는 피하십시오.",-,K-Pharm API (AI Processed)
레디페린-에프캡슐,Unknown,Unknown,"우유, 유제품",유제품,warning,칼슘은 철분 흡수를 방해할 수 있습니다.,철분 흡수 감소,"복용 중, 복용 전후에는 피하십시오.",-,K-Pharm API (AI Processed)
뉴란스플러스정,Unknown,Unknown,녹차,차,warning,탄닌 성분이 약물 흡수를 방해할 수 있습니다.,약효 감소,"복용 중, 복용 전후에는 녹차를 피하십시오.",-,K-Pharm API (AI Processed)
뉴란스플러스정,Unknown,Unknown,홍차,차,warning,탄닌 성분이 약물 흡수를 방해할 수 있습니다.,약효 감소,"복용 중, 복용 전후에는 홍차를 피하십시오.",-,K-Pharm API (AI Processed)
하벤파워에스캡슐,Unknown,Unknown,알코올,음료,warning,알코올은 약물의 부작용을 증가시킬 수 있습니다.,"간 손상 위험 증가, 졸음 증가",복용 중에는 음주하지 마십시오.,-,K-Pharm API (AI Processed)
두스카정,알 수 없음,알 수 없음,우유,유제품,caution,알 수 없음,알 수 없음,우유 섭취 후 1시간 이내에는 복용을 피하십시오.,-,K-Pharm API (AI Processed)
쿨리브정,알 수 없음,알 수 없음,우유,유제품,caution,알 수 없음,알 수 없음,우유 섭취 후 1시간 이내에는 복용을 피하십시오.,-,K-Pharm API (AI Processed)
시알딘정,Unknown,Unknown,알코올성 음료,알코올,warning,알코올과 함께 복용 시 약물의 부작용을 증가시킬 수 있습니다.,"졸음, 어지러움, 혼란감 증가",복용 중에는 알코올성 음료를 피하십시오.,-,K-Pharm API (AI Processed)
타이리콜8시간이알서방정(아세트아미노펜),아세트아미노펜,해열진통제,알코올,음료,danger,알코올은 아세트아미노펜의 간 독성을 증가시킬 수 있습니다.,간 손상 위험 증가,이 약을 복용하는 동안 알코올 섭취를 피하십시오.,-,K-Pharm API (AI Processed)
쾌이락큐정,알 수 없음,알 수 없음,우유,유제품,caution,알 수 없음,알 수 없음,우유 섭취 후 1시간 이내에는 복용을 피하십시오.,-,K-Pharm API (AI Processed)
콘드로빅300연질캡슐,Unknown,Unknown,"대두유, 콩, 땅콩",콩류,danger,약물 성분에 과민 반응을 일으킬 수 있음.,알레르기 반응,복용하지 마십시오.,-,K-Pharm API (AI Processed)
멜리안정,알 수 없음,알 수 없음,자몽주스,과일,danger,자몽주스는 멜리안정의 대사를 방해하여 약물의 혈중 농도를 증가시킬 수 있습니다.,약물 부작용의 위험 증가.,자몽주스와 함께 복용하지 마십시오.,-,K-Pharm API (AI Processed)
마메이드정,Unknown,Unknown,NO_INTERACTION,NO_INTERACTION,no_interaction,NO_INTERACTION,NO_INTERACTION,NO_INTERACTION,-,K-Pharm API (AI Processed)
메가백정,Unknown,Unknown,NO_INTERACTION,NO_INTERACTION,no_interaction,NO_INTERACTION,NO_INTERACTION,NO_INTERACTION,-,K-Pharm API (AI Processed)
코딜로드정,알 수 없음,알 수 없음,우유,유제품,caution,알 수 없음,알 수 없음,우유 섭취 후 1시간 이내에는 복용을 피하십시오.,-,K-Pharm API (AI Processed)
헤모로빈연질캡슐,Unknown,Unknown,녹차,차,warning,탄닌 성분이 철분 흡수를 방해할 수 있습니다.,철분 흡수 감소로 약효가 떨어질 수 있습니다.,복용 중 또는 복용 전후에 녹차를 피하십시오.,-,K-Pharm API (AI Processed)
헤모로빈연질캡슐,Unknown,Unknown,홍차,차,warning,탄닌 성분이 철분 흡수를 방해할 수 있습니다.,철분 흡수 감소로 약효가 떨어질 수 있습니다.,복용 중 또는 복용 전후에 홍차를 피하십시오.,-,K-Pharm API (AI Processed)
헤모로빈연질캡슐,Unknown,Unknown,우유,유제품,warning,칼슘이 철분 흡수를 방해할 수 있습니다.,철분 흡수 감소로 약효가 떨어질 수 있습니다.,복용 중 또는 복용 전후에 우유를 피하십시오.,-,K-Pharm API (AI Processed)
헤모로빈연질캡슐,Unknown,Unknown,유제품,유제품,warning,칼슘이 철분 흡수를 방해할 수 있습니다.,철분 흡수 감소로 약효가 떨어질 수 있습니다.,복용 중 또는 복용 전후에 유제품을 피하십시오.,-,K-Pharm API (AI Processed)
에버칼정,Unknown,Unknown,녹차,차,warning,탄닌 성분이 약물 흡수를 방해할 수 있습니다.,약물 효과 감소,"복용 중, 복용 전후에는 녹차를 피하십시오.",-,K-Pharm API (AI Processed)
에버칼정,Unknown,Unknown,홍차,차,warning,탄닌 성분이 약물 흡수를 방해할 수 있습니다.,약물 효과 감소,"복용 중, 복용 전후에는 홍차를 피하십시오.",-,K-Pharm API (AI Processed)
베아비오캡슐(바실루스리케니포르미스균),바실루스리케니포르미스균,프로바이오틱스,우유,유제품,caution,유아의 경우 캡슐 내용물을 소량의 물이나 우유에 타서 복용할 수 있습니다.,약물 복용 편의성,유아의 경우 우유에 타서 복용 가능,-,K-Pharm API (AI Processed)
에페린플러스정,Unknown,Unknown,알코올,알코올,danger,에페린플러스정 복용 중 알코올 섭취는 간 손상을 악화시킬 수 있습니다.,간 손상 위험 증가,복용 중에는 음주하지 마십시오.,-,K-Pharm API (AI Processed)
펜잘큐정,아세트아미노펜,해열진통제,알코올,음료,warning,알코올은 아세트아미노펜의 간 독성을 증가시킬 수 있습니다.,간 손상 위험 증가,"매일 세 잔 이상 정기적으로 음주하는 경우, 이 약 복용 전 의사 또는 약사와 상의하십시오.",-,K-Pharm API (AI Processed)
에이올정,Unknown,Unknown,NO_INTERACTION,NO_INTERACTION,no_interaction,NO_INTERACTION,NO_INTERACTION,NO_INTERACTION,-,K-Pharm API (AI Processed)
"콜맥에스시럽(딸기향,포도향)",Unknown,Unknown,알코올,음료,danger,알코올은 약물의 부작용을 증가시키고 간 손상을 유발할 수 있습니다.,"부작용 증가, 간 손상 위험 증가",복용 중에는 음주를 피하십시오.,-,K-Pharm API (AI Processed)
액티프롤정,Unknown,Unknown,알코올,알코올,warning,알코올은 액티프롤정의 중추신경 억제 효과를 증폭시킬 수 있습니다.,"과도한 졸음, 어지러움, 호흡 억제 등의 부작용 위험 증가.",액티프롤정 복용 중에는 알코올 섭취를 피하십시오.,-,K-Pharm API (AI Processed)
임팩타민파워정,Unknown,Unknown,녹차,차,warning,탄닌 성분이 약물 흡수를 방해할 수 있습니다.,약효 감소,"복용 중, 복용 전후에는 녹차를 피하십시오.",-,K-Pharm API (AI Processed)
임팩타민파워정,Unknown,Unknown,홍차,차,warning,탄닌 성분이 약물 흡수를 방해할 수 있습니다.,약효 감소,"복용 중, 복용 전후에는 홍차를 피하십시오.",-,K-Pharm API (AI Processed)
덱시엔연질캡슐(덱시부프로펜),덱시부프로펜,비스테로이드성 소염진통제,알코올,음료,caution,위장 출혈 위험 증가,위장 출혈 가능성 증가,매일 세 잔 이상 정기적으로 음주하는 경우 의사 또는 약사와 상의하십시오.,-,K-Pharm API (AI Processed)
세티스정(세티리진염산염),세티리진염산염,항히스타민제,알코올,음료,warning,세티리진과 알코올의 병용은 진정 효과를 증가시킬 수 있습니다.,"과도한 졸음, 어지러움, 집중력 저하",세티스정 복용 중에는 과량의 알코올 섭취를 피하십시오.,-,K-Pharm API (AI Processed)
덱시원연질캡슐(덱시부프로펜),덱시부프로펜,비스테로이드성 소염진통제,알코올,알코올,caution,"알코올은 위장 출혈의 위험을 증가시킬 수 있으며, 덱시부프로펜의 위장관 부작용을 악화시킬 수 있습니다.",위장 출혈 위험 증가,"매일 세 잔 이상 정기적으로 음주하는 경우, 이 약을 복용하기 전에 의사 또는 약사와 상의하십시오.",-,K-Pharm API (AI Processed)
마노엘정,알 수 없음,알 수 없음,우유,유제품,caution,알 수 없음,알 수 없음,우유 섭취 후 1시간 이내에는 복용을 피하십시오.,-,K-Pharm API (AI Processed)
장비오캡슐(바실루스리케니포르미스균),바실루스리케니포르미스균,프로바이오틱스,우유,유제품,caution,유아의 경우 캡슐 내용물을 소량의 물이나 우유에 타서 복용할 수 있습니다.,유당 불내성 환자에게는 주의가 필요할 수 있습니다.,유당 불내성 환자는 복용 전 의사 또는 약사와 상의하십시오.,물,K-Pharm API (AI Processed)
헤몰빈큐플러스캡슐,Unknown,Unknown,녹차,차,warning,탄닌 성분이 철분 흡수를 방해할 수 있습니다.,약효 감소,"복용 중, 복용 전후에는 피하십시오.",-,K-Pharm API (AI Processed)
헤몰빈큐플러스캡슐,Unknown,Unknown,홍차,차,warning,탄닌 성분이 철분 흡수를 방해할 수 있습니다.,약효 감소,"복용 중, 복용 전후에는 피하십시오.",-,K-Pharm API (AI Processed)
헤몰빈큐플러스캡슐,Unknown,Unknown,우유,유제품,warning,칼슘 성분이 철분 흡수를 방해할 수 있습니다.,약효 감소,"복용 중, 복용 전후에는 피하십시오.",-,K-Pharm API (AI Processed)
헤몰빈큐플러스캡슐,Unknown,Unknown,유제품,유제품,warning,칼슘 성분이 철분 흡수를 방해할 수 있습니다.,약효 감소,"복용 중, 복용 전후에는 피하십시오.",-,K-Pharm API (AI Processed)
덱시부펜연질캡슐(덱시부프로펜),덱시부프로펜,비스테로이드성 소염진통제,알코올,음료,caution,위장 출혈 위험 증가,위장 출혈 가능성 증가,매일 세 잔 이상 정기적으로 음주하는 경우 의사 또는 약사와 상의하십시오.,-,K-Pharm API (AI Processed)
헬씨큐플러스연질캡슐,Unknown,Unknown,녹차,차,warning,탄닌 성분이 약물 흡수를 방해할 수 있습니다.,약효 감소,"복용 중, 복용 전후에는 녹차를 피하십시오.",-,K-Pharm API (AI Processed)
헬씨큐플러스연질캡슐,Unknown,Unknown,홍차,차,warning,탄닌 성분이 약물 흡수를 방해할 수 있습니다.,약효 감소,"복용 중, 복용 전후에는 홍차를 피하십시오.",-,K-Pharm API (AI Processed)
베아비오캡슐(바실루스리케니포르미스균),바실루스리케니포르미스균,프로바이오틱스,우유,유제품,caution,유아의 경우 캡슐 내용물을 소량의 우유에 타서 복용할 수 있습니다.,약물 복용 편의성을 위한 사용,유아에게 투여 시 우유에 타서 복용 가능,-,K-Pharm API (AI Processed)
에페린플러스정,Unknown,Unknown,알코올,알코올,warning,에페린플러스정 복용 중 알코올 섭취는 간 손상의 위험을 증가시킬 수 있습니다.,간 손상 위험 증가,복용 중에는 음주하지 마십시오.,-,K-Pharm API (AI Processed)
펜잘큐정,Unknown,Unknown,알코올,알코올,warning,"알코올은 간 손상을 유발할 수 있으며, 펜잘큐정의 아세트아미노펜 성분과 함께 복용 시 간 손상 위험을 증가시킬 수 있습니다.",간 손상 위험 증가,"매일 세 잔 이상 정기적으로 음주하는 경우, 펜잘큐정 복용 전 의사 또는 약사와 상의하십시오.",-,K-Pharm API (AI Processed)
에이올정,Unknown,Unknown,NO_INTERACTION,NO_INTERACTION,no_interaction,NO_INTERACTION,NO_INTERACTION,NO_INTERACTION,-,K-Pharm API (AI Processed)
"콜맥에스시럽(딸기향,포도향)",Unknown,Unknown,알코올,음료,danger,알코올은 약물의 부작용을 증가시키고 간 손상을 악화시킬 수 있습니다.,"부작용 증가, 간 손상 위험 증가",복용 중에는 음주하지 마십시오.,-,K-Pharm API (AI Processed)
액티프롤정,Unknown,Unknown,알코올,알코올,warning,알코올은 중추신경억제 효과를 증가시킬 수 있습니다.,"졸음, 어지러움, 집중력 저하 등 중추신경계 부작용 증가.",이 약 복용 중에는 알코올 섭취를 피하십시오.,-,K-Pharm API (AI Processed)
임팩타민파워정,Unknown,Unknown,녹차,차,warning,탄닌 성분이 약물 흡수를 방해할 수 있습니다.,약효 감소,"복용 중, 복용 전후에는 녹차를 피하십시오.",-,K-Pharm API (AI Processed)
임팩타민파워정,Unknown,Unknown,홍차,차,warning,탄닌 성분이 약물 흡수를 방해할 수 있습니다.,약효 감소,"복용 중, 복용 전후에는 홍차를 피하십시오.",-,K-Pharm API (AI Processed)
덱시엔연질캡슐(덱시부프로펜),덱시부프로펜,비스테로이드성 소염진통제,알코올,음료,caution,위장 출혈 위험 증가,위장 출혈 가능성 증가,매일 세 잔 이상 정기적으로 음주하는 경우 의사 또는 약사와 상의하십시오.,-,K-Pharm API (AI Processed)
세티스정(세티리진염산염),세티리진염산염,항히스타민제,알코올,음료,warning,세티리진과 알코올의 병용은 진정 효과를 증가시킬 수 있습니다.,"과도한 졸음, 어지러움, 집중력 저하",세티스정 복용 중에는 과량의 알코올 섭취를 피하십시오.,-,K-Pharm API (AI Processed)
굿스펜연질캡슐(덱시부프로펜),덱시부프로펜,비스테로이드성 소염진통제,알코올,음료,caution,위장 출혈 위험 증가,위장 출혈 가능성 증가,매일 세 잔 이상 정기적으로 음주하는 경우 의사 또는 약사와 상의하십시오.,-,K-Pharm API (AI Processed)
뮤코펙트정(암브록솔염산염),암브록솔염산염,거담제,없음,없음,no_interaction,없음,없음,-,-,K-Pharm API (AI Processed)
그린헥시디놀액,Unknown,Unknown,NO_INTERACTION,NO_INTERACTION,no_interaction,NO_INTERACTION,NO_INTERACTION,NO_INTERACTION,-,K-Pharm API (AI Processed)
아이비에프정(이부프로펜),이부프로펜,비스테로이드성 소염진통제,알코올,알코올,caution,위장 출혈 위험 증가,위장 출혈 가능성 증가,"매일 세 잔 이상 정기적으로 음주하는 경우, 이 약 또는 다른 해열진통제 복용 시 의사 또는 약사와 상의하십시오.",-,K-Pharm API (AI Processed)
엔에이피정(나프록센나트륨),나프록센나트륨,비스테로이드성 소염진통제,알코올,음료,caution,위장 출혈 위험 증가,위장 출혈 가능성 증가,"매일 세 잔 이상 정기적으로 음주하는 경우, 이 약 복용 전 의사 또는 약사와 상의하십시오.",-,K-Pharm API (AI Processed)
부스코판플러스정,Unknown,Unknown,알코올,알코올,warning,"알코올은 간 손상을 유발할 수 있으며, 부스코판플러스정의 성분 중 아세트아미노펜 또한 간 손상의 위험을 증가시킬 수 있습니다.",간 손상 위험 증가,"매일 세 잔 이상 정기적으로 알코올을 섭취하는 경우, 부스코판플러스정 복용 전 의사 또는 약사와 상의하십시오.",-,K-Pharm API (AI Processed)
젠타졸정(알벤다졸),알벤다졸,구충제,없음,없음,no_interaction,없음,없음,-,-,K-Pharm API (AI Processed)
속크린산,Unknown,Unknown,NO_INTERACTION,NO_INTERACTION,no_interaction,NO_INTERACTION,NO_INTERACTION,NO_INTERACTION,-,K-Pharm API (AI Processed)
알룬정,Unknown,Unknown,NO_INTERACTION,NO_INTERACTION,no_interaction,NO_INTERACTION,NO_INTERACTION,NO_INTERACTION,-,K-Pharm API (AI Processed)
"맥펜시럽(이부프로펜)(새콤한오렌지맛,감귤향)",이부프로펜,비스테로이드성 소염진통제,알코올,음료,caution,위장 출혈 위험 증가,위장 출혈 가능성 증가,"매일 세 잔 이상 정기적으로 음주하는 경우, 이 약 복용 전 의사 또는 약사와 상의하십시오.",-,K-Pharm API (AI Processed)
큐앤큐포비돈요오드스크랍(대),포비돈 요오드,소독제,없음,없음,no_interaction,없음,없음,없음,-,K-Pharm API (AI Processed)
티어실원스외용액(테르비나핀염산염),테르비나핀염산염,항진균제,알코올,음료,caution,알코올이 자극할 수 있는 병변이 있는 환자는 사용 전 의사 또는 약사와 상의해야 합니다.,알코올이 피부 자극을 악화시킬 수 있습니다.,사용 전 의사 또는 약사와 상의하십시오.,-,K-Pharm API (AI Processed)
쓰리엠애바가드9250외용액,알 수 없음,알 수 없음,없음,없음,없음,없음,없음,없음,-,K-Pharm API (AI Processed)
우르스정,Unknown,Unknown,우유,유제품,caution,정확한 기전은 명시되지 않음.,약물 흡수 저해 가능성.,우유 섭취 후 1시간 이내에는 복용을 피하십시오.,-,K-Pharm API (AI Processed)
잼플이부펜시럽(이부프로펜),이부프로펜,비스테로이드성 소염진통제 (NSAIDs),알코올,음료,warning,"알코올은 위장 출혈의 위험을 증가시킬 수 있으며, 이부프로펜의 위장관 부작용을 악화시킬 수 있습니다.",위장 출혈 위험 증가,"매일 세 잔 이상 정기적으로 음주하는 경우, 이 약을 복용하기 전에 의사 또는 약사와 상의하십시오.",-,K-Pharm API (AI Processed)
잼플이부펜시럽(이부프로펜),이부프로펜,비스테로이드성 소염진통제 (NSAIDs),공복,식사,caution,공복 시 복용하면 위장 자극 및 부작용의 위험이 증가할 수 있습니다.,"위장 자극, 위장관 부작용",어린이는 공복에 복용하는 것을 피하십시오.,-,K-Pharm API (AI Processed)
그날엔정,Unknown,Unknown,알코올,알코올,caution,위장 출혈 위험 증가,위장 출혈 위험 증가,"매일 세 잔 이상 정기적으로 음주하는 경우, 이 약 복용 전 의사 또는 약사와 상의하십시오.",-,K-Pharm API (AI Processed)
메가토스씨정,Unknown,Unknown,녹차,차,warning,탄닌 성분이 약물 흡수를 방해할 수 있습니다.,약물 효과 감소,"복용 중, 복용 전후에는 녹차를 피하십시오.",-,K-Pharm API (AI Processed)
메가토스씨정,Unknown,Unknown,홍차,차,warning,탄닌 성분이 약물 흡수를 방해할 수 있습니다.,약물 효과 감소,"복용 중, 복용 전후에는 홍차를 피하십시오.",-,K-Pharm API (AI Processed)
이프렌에스연질캡슐(덱시부프로펜),덱시부프로펜,비스테로이드성 소염진통제,알코올,음료,caution,위장 출혈 위험 증가,위장 출혈 가능성 증가,매일 세 잔 이상 정기적으로 음주하는 경우 의사 또는 약사와 상의하십시오.,-,K-Pharm API (AI Processed)
굿스펜연질캡슐(덱시부프로펜),덱시부프로펜,비스테로이드성 소염진통제,알코올,음료,caution,위장 출혈 위험 증가,위장 출혈 가능성 증가,"매일 세 잔 이상 정기적으로 음주하는 경우, 복용 전 의사 또는 약사와 상의하십시오.",-,K-Pharm API (AI Processed)
뮤코펙트정(암브록솔염산염),암브록솔염산염,거담제,NO_INTERACTION,NO_INTERACTION,no_interaction,NO_INTERACTION,NO_INTERACTION,NO_INTERACTION,-,K-Pharm API (AI Processed)
그린헥시디놀액,Unknown,Unknown,NO_INTERACTION,NO_INTERACTION,no_interaction,NO_INTERACTION,NO_INTERACTION,NO_INTERACTION,-,K-Pharm API (AI Processed)
아이비에프정(이부프로펜),이부프로펜,비스테로이드성 소염진통제,알코올,알코올,caution,위장 출혈 위험 증가,위장 출혈 가능성 증가,"매일 세 잔 이상 정기적으로 음주하는 경우, 이 약 또는 다른 해열진통제 복용 시 의사 또는 약사와 상의하십시오.",-,K-Pharm API (AI Processed)
엔에이피정(나프록센나트륨),나프록센나트륨,비스테로이드성 소염진통제,알코올,음료,caution,위장 출혈 위험 증가,위장 출혈 가능성 증가,"매일 세 잔 이상 정기적으로 음주하는 경우, 이 약 복용 전 의사 또는 약사와 상의하십시오.",-,K-Pharm API (AI Processed)
부스코판플러스정,Unknown,Unknown,알코올,알코올,warning,"알코올은 간 손상을 유발할 수 있으며, 부스코판플러스정의 성분 중 아세트아미노펜 또한 간 손상을 유발할 수 있습니다. 두 물질의 병용은 간 손상의 위험을 증가시킵니다.",간 손상 위험 증가,"매일 세 잔 이상 정기적으로 음주하는 경우, 부스코판플러스정 복용 전 의사 또는 약사와 상의하십시오.",-,K-Pharm API (AI Processed)
젠타졸정(알벤다졸),알벤다졸,구충제,없음,없음,no_interaction,없음,없음,-,-,K-Pharm API (AI Processed)
속크린산,Unknown,Unknown,NO_INTERACTION,NO_INTERACTION,no_interaction,NO_INTERACTION,NO_INTERACTION,NO_INTERACTION,-,K-Pharm API (AI Processed)
알룬정,알룬정 성분 미상,미상,해당 없음,해당 없음,no_interaction,해당 없음,해당 없음,해당 없음,-,K-Pharm API (AI Processed)
"맥펜시럽(이부프로펜)(새콤한오렌지맛,감귤향)",이부프로펜,비스테로이드성 소염진통제,알코올,음료,caution,위장 출혈 위험 증가,위장 출혈 가능성 증가,"매일 세 잔 이상 정기적으로 음주하는 경우, 이 약 복용 전 의사 또는 약사와 상의하십시오.",-,K-Pharm API (AI Processed)
비오펜연질캡슐(덱시부프로펜),덱시부프로펜,비스테로이드성 소염진통제,알코올,음료,caution,위장 출혈 위험 증가,위장 출혈 가능성 증가,매일 세 잔 이상 정기적으로 음주하는 경우 의사 또는 약사와 상의하십시오.,-,K-Pharm API (AI Processed)
카이로정,아세트아미노펜,해열진통제,알코올,음료,warning,"알코올은 간 손상을 유발할 수 있으며, 아세트아미노펜과 함께 복용 시 간 손상 위험을 증가시킬 수 있습니다.",간 손상 위험 증가,"매일 세 잔 이상 정기적으로 음주하는 경우, 이 약 복용 전 의사 또는 약사와 상의하십시오.",-,K-Pharm API (AI Processed)
에스빈연질캡슐(덱시부프로펜),덱시부프로펜,비스테로이드성 소염진통제,알코올,알코올,caution,위장 출혈 위험 증가,위장 출혈 가능성 증가,매일 세 잔 이상 정기적으로 음주하는 경우 의사 또는 약사와 상의하십시오.,-,K-Pharm API (AI Processed)
지르세틴액(세티리진염산염),세티리진염산염,항히스타민제,알코올,음료,warning,세티리진과 알코올의 병용은 중추신경계 억제 효과를 증가시킬 수 있습니다.,"졸음, 어지러움, 집중력 저하 등 부작용 증가.",이 약을 복용하는 동안 과량의 알코올 섭취를 피하십시오.,-,K-Pharm API (AI Processed)
활비에이캡슐,알 수 없음,알 수 없음,해당 없음,해당 없음,해당 없음,해당 없음,해당 없음,해당 없음,-,K-Pharm API (AI Processed)
알벤프리졸정(알벤다졸),알벤다졸,구충제,없음,없음,no_interaction,없음,없음,-,-,K-Pharm API (AI Processed)
로노펜300연질캡슐(덱시부프로펜),덱시부프로펜,비스테로이드성 소염진통제,알코올,알코올,caution,위장 출혈 위험 증가,위장 출혈 가능성 증가,매일 세 잔 이상 정기적으로 음주하는 경우 의사 또는 약사와 상의하십시오.,-,K-Pharm API (AI Processed)
경남비타민씨정,Unknown,Unknown,알코올,알코올,warning,알코올 섭취는 약물의 효과를 감소시키거나 부작용을 증가시킬 수 있습니다.,약효 감소 또는 부작용 증가,과도한 음주를 삼가하십시오.,-,K-Pharm API (AI Processed)
다이락스-큐정,Unknown,Unknown,우유,유제품,caution,"정확한 기전은 명시되지 않았지만, 우유 섭취 후 1시간 이내에 복용하는 것을 피하도록 권고하고 있습니다.",약물 흡수 저해 가능성,우유 섭취 후 1시간 이후에 복용하십시오.,-,K-Pharm API (AI Processed)
다비움정,Unknown,Unknown,Unknown,Unknown,no_interaction,NO_INTERACTION,NO_INTERACTION,NO_INTERACTION,-,K-Pharm API (AI Processed)
큐앤큐포비돈요오드스크랍(대),포비돈 요오드,소독제,없음,없음,no_interaction,없음,없음,없음,-,K-Pharm API (AI Processed)
티어실원스외용액(테르비나핀염산염),테르비나핀염산염,항진균제,알코올,음료,caution,알코올이 자극할 수 있는 병변이 있는 환자는 사용 전 의사 또는 약사와 상의해야 합니다.,알코올이 피부 자극을 악화시킬 수 있습니다.,사용 전 의사 또는 약사와 상의하십시오.,-,K-Pharm API (AI Processed)
쓰리엠애바가드9250외용액,알 수 없음,알 수 없음,해당 없음,해당 없음,해당 없음,해당 없음,해당 없음,해당 없음,-,K-Pharm API (AI Processed)
우르스정,Unknown,Unknown,우유,유제품,caution,정확한 기전은 명시되지 않음.,약물 흡수 저해 가능성.,우유 섭취 후 1시간 이내에는 복용을 피하십시오.,-,K-Pharm API (AI Processed)
잼플이부펜시럽(이부프로펜),이부프로펜,비스테로이드성 소염진통제 (NSAIDs),알코올,음료,caution,알코올은 위장 출혈 위험을 증가시킬 수 있습니다.,위장 출혈 위험 증가,"매일 세 잔 이상 정기적으로 음주하는 경우, 이 약을 복용하기 전에 의사 또는 약사와 상의하십시오.",-,K-Pharm API (AI Processed)
잼플이부펜시럽(이부프로펜),이부프로펜,비스테로이드성 소염진통제 (NSAIDs),공복,식사,caution,공복 시 복용은 위장 자극을 증가시킬 수 있습니다.,위장 자극 증가,어린이는 공복에 복용하는 것을 피하십시오.,-,K-Pharm API (AI Processed)
그날엔정,Unknown,해열진통제,알코올,알코올,warning,위장 출혈 위험 증가,위장 출혈 위험 증가,"매일 세 잔 이상 정기적으로 음주하는 경우, 이 약 복용 전 의사 또는 약사와 상의하십시오.",-,K-Pharm API (AI Processed)
메가토스씨정,Unknown,Unknown,녹차,차,warning,탄닌 성분이 약물 흡수를 방해할 수 있습니다.,약효 감소,"복용 중, 복용 전후에는 녹차를 피하십시오.",-,K-Pharm API (AI Processed)
메가토스씨정,Unknown,Unknown,홍차,차,warning,탄닌 성분이 약물 흡수를 방해할 수 있습니다.,약효 감소,"복용 중, 복용 전후에는 홍차를 피하십시오.",-,K-Pharm API (AI Processed)
이프렌에스연질캡슐(덱시부프로펜),덱시부프로펜,비스테로이드성 소염진통제,알코올,음료,caution,위장 출혈 위험 증가,위장 출혈 가능성 증가,매일 세 잔 이상 정기적으로 음주하는 경우 의사 또는 약사와 상의하십시오.,-,K-Pharm API (AI Processed)
비오펜연질캡슐(덱시부프로펜),덱시부프로펜,비스테로이드성 소염진통제,알코올,음료,caution,위장 출혈 위험 증가,위장 출혈 가능성 증가,매일 세 잔 이상 정기적으로 음주하는 경우 의사 또는 약사와 상의하십시오.,-,K-Pharm API (AI Processed)
카이로정,아세트아미노펜,해열진통제,알코올,음료,warning,"알코올은 간 손상을 유발할 수 있으며, 아세트아미노펜과 함께 복용 시 간 손상 위험을 증가시킬 수 있습니다.",간 손상 위험 증가,"매일 세 잔 이상 정기적으로 음주하는 경우, 이 약 또는 다른 해열진통제 복용 전 의사 또는 약사와 상의하십시오.",-,K-Pharm API (AI Processed)
에스빈연질캡슐(덱시부프로펜),덱시부프로펜,비스테로이드성 소염진통제,알코올,음료,caution,위장 출혈 위험 증가,위장 출혈 가능성 증가,매일 세 잔 이상 정기적으로 음주하는 경우 의사 또는 약사와 상의하십시오.,-,K-Pharm API (AI Processed)
지르세틴액(세티리진염산염),세티리진염산염,항히스타민제,알코올,음료,warning,세티리진과 알코올의 병용은 중추신경계 억제 효과를 증가시킬 수 있습니다.,"졸음, 어지러움, 집중력 저하 등 부작용 증가.",이 약을 복용하는 동안 과량의 알코올 섭취를 피하십시오.,-,K-Pharm API (AI Processed)
활비에이캡슐,Unknown,Unknown,NO_INTERACTION,NO_INTERACTION,no_interaction,NO_INTERACTION,NO_INTERACTION,NO_INTERACTION,-,K-Pharm API (AI Processed)
알벤프리졸정(알벤다졸),알벤다졸,구충제,없음,없음,no_interaction,없음,없음,-,-,K-Pharm API (AI Processed)
로노펜300연질캡슐(덱시부프로펜),덱시부프로펜,비스테로이드성 소염진통제,알코올,알코올,caution,위장 출혈 위험 증가,위장 출혈 가능성 증가,매일 세 잔 이상 정기적으로 음주하는 경우 의사 또는 약사와 상의하십시오.,-,K-Pharm API (AI Processed)
경남비타민씨정,비타민 C,비타민,알코올,음료,warning,알코올은 비타민 C의 흡수를 방해하거나 신체 내 비타민 C의 소모를 증가시킬 수 있습니다.,비타민 C의 효과 감소.,과도한 음주를 삼가하십시오.,-,K-Pharm API (AI Processed)
다이락스-큐정,Unknown,Unknown,우유,유제품,caution,"정확한 기전은 명시되지 않았지만, 우유 섭취 후 1시간 이내에 복용하는 것을 피하도록 권고하고 있습니다.",약물 흡수 저해 가능성,우유 섭취 후 1시간 이후에 복용하십시오.,-,K-Pharm API (AI Processed)
다비움정,Unknown,Unknown,Unknown,Unknown,no_interaction,NO_INTERACTION,NO_INTERACTION,NO_INTERACTION,-,K-Pharm API (AI Processed)
프로펜디연질캡슐(덱시부프로펜),덱시부프로펜,비스테로이드성 소염진통제,알코올,음료,caution,위장 출혈 위험 증가,위장 출혈 가능성 증가,매일 세 잔 이상 정기적으로 음주하는 경우 의사 또는 약사와 상의하십시오.,-,K-Pharm API (AI Processed)
쥬르택정(세티리진염산염),세티리진염산염,항히스타민제,알코올,음료,warning,세티리진과 알코올의 병용은 진정 효과를 증가시킬 수 있습니다.,"졸음, 집중력 저하, 운동 능력 저하 등 부작용 증가.",이 약을 복용하는 동안 과량의 알코올 섭취를 피하십시오.,-,K-Pharm API (AI Processed)
알벤졸정(알벤다졸),알벤다졸,구충제,없음,없음,no_interaction,없음,없음,없음,-,K-Pharm API (AI Processed)
맥시쿨펜연질캡슐(덱시부프로펜),덱시부프로펜,비스테로이드성 소염진통제,알코올,음료,caution,위장 출혈 위험 증가,위장 출혈 가능성 증가,"매일 세 잔 이상 정기적으로 음주하는 경우, 의사 또는 약사와 상의하십시오.",-,K-Pharm API (AI Processed)
아르텍연질캡슐10mg(세티리진염산염),세티리진염산염,항히스타민제,알코올,음료,warning,세티리진과 알코올의 병용은 진정 효과를 증가시킬 수 있습니다.,"과도한 졸음, 어지러움, 인지 능력 저하.",과량의 알코올과 함께 복용하지 마십시오.,-,K-Pharm API (AI Processed)
익수알벤졸정(알벤다졸),알벤다졸,구충제,없음,없음,no_interaction,없음,없음,없음,-,K-Pharm API (AI Processed)
페인엔젤-프로연질캡슐(덱시부프로펜),덱시부프로펜,비스테로이드성 소염진통제,알코올,음료,caution,위장 출혈 위험 증가,위장 출혈 위험 증가,매일 세 잔 이상 정기적으로 음주하는 경우 의사 또는 약사와 상의하십시오.,-,K-Pharm API (AI Processed)
암씨롱큐정,아세트아미노펜,해열진통제,알코올,음료,warning,"알코올은 간 손상을 유발할 수 있으며, 아세트아미노펜과 함께 복용 시 간 손상 위험이 증가합니다.",간 손상 위험 증가,"매일 세 잔 이상 정기적으로 음주하는 경우, 이 약 복용 전 의사 또는 약사와 상의하십시오.",-,K-Pharm API (AI Processed)
코스펜정,Unknown,Unknown,알코올,알코올,warning,알코올은 코스펜정의 진정 효과를 증가시킬 수 있습니다.,"과도한 졸음, 어지러움, 인지 능력 저하.",코스펜정을 복용하는 동안 알코올 섭취를 피하십시오.,-,K-Pharm API (AI Processed)
디퓨텐연질캡슐(덱시부프로펜),덱시부프로펜,비스테로이드성 소염진통제,알코올,음료,caution,위장 출혈 위험 증가,위장 출혈 가능성 증가,매일 세 잔 이상 정기적으로 음주하는 경우 의사 또는 약사와 상의하십시오.,-,K-Pharm API (AI Processed)
프리엔연질캡슐(덱시부프로펜),덱시부프로펜,비스테로이드성 소염진통제,알코올,알코올,warning,위장 출혈 위험 증가,위장 출혈 가능성 증가,"매일 세 잔 이상 정기적으로 음주하는 경우, 이 약 또는 다른 해열진통제 복용 전 의사 또는 약사와 상의하십시오.",-,K-Pharm API (AI Processed)
알드라민정(세티리진염산염),세티리진염산염,항히스타민제,알코올,음료,warning,세티리진과 알코올의 병용은 진정 효과를 증가시킬 수 있습니다.,"졸음, 어지러움, 집중력 저하 등 부작용 증가.",알코올 섭취를 피하십시오.,-,K-Pharm API (AI Processed)
자이펜연질캡슐300mg(덱시부프로펜),덱시부프로펜,비스테로이드성 소염진통제,알코올,알코올,caution,위장 출혈 위험 증가,위장 출혈 가능성 증가,"매일 세 잔 이상 정기적으로 음주하는 경우, 이 약 또는 다른 해열진통제 복용 시 의사 또는 약사와 상의하십시오.",-,K-Pharm API (AI Processed)
덱스쿨연질캡슐(덱시부프로펜),덱시부프로펜,비스테로이드성 소염진통제,알코올,알코올,경고,위장 출혈 위험 증가,위장 출혈 가능성 증가,매일 세 잔 이상 정기적으로 음주하는 경우 의사 또는 약사와 상의하십시오.,-,K-Pharm API (AI Processed)
알세진정10밀리그램(세티리진염산염),세티리진염산염,항히스타민제,알코올,음료,warning,세티리진과 알코올의 병용은 중추신경계 억제 효과를 증가시킬 수 있습니다.,"졸음, 어지러움, 집중력 저하 등 부작용 증가.",과량의 알코올과 함께 복용하지 마십시오.,-,K-Pharm API (AI Processed)
칼비타디정,Unknown,Unknown,녹차,차,warning,탄닌 성분이 칼슘 흡수를 방해할 수 있습니다.,약효 감소,"복용 중, 복용 전후에는 녹차를 피하십시오.",-,K-Pharm API (AI Processed)
칼비타디정,Unknown,Unknown,홍차,차,warning,탄닌 성분이 칼슘 흡수를 방해할 수 있습니다.,약효 감소,"복용 중, 복용 전후에는 홍차를 피하십시오.",-,K-Pharm API (AI Processed)
마그롤연질캡슐,Unknown,Unknown,녹차,차,warning,탄닌 성분이 약물 흡수를 방해할 수 있습니다.,약물 효과 감소,"복용 중, 복용 전후에는 녹차를 피하십시오.",-,K-Pharm API (AI Processed)
마그롤연질캡슐,Unknown,Unknown,홍차,차,warning,탄닌 성분이 약물 흡수를 방해할 수 있습니다.,약물 효과 감소,"복용 중, 복용 전후에는 홍차를 피하십시오.",-,K-Pharm API (AI Processed)
씨락정,Unknown,Unknown,우유,유제품,caution,흡수 방해,약효 감소 가능성,우유 섭취 후 1시간 이내에는 복용하지 마십시오.,-,K-Pharm API (AI Processed)
씨락정,Unknown,Unknown,제산제,Unknown,caution,흡수 방해,약효 감소 가능성,제산제 섭취 후 1시간 이내에는 복용하지 마십시오.,-,K-Pharm API (AI Processed)
프로펜디연질캡슐(덱시부프로펜),덱시부프로펜,비스테로이드성 소염진통제,알코올,음료,caution,위장 출혈 위험 증가,위장 출혈 가능성 증가,매일 세 잔 이상 정기적으로 음주하는 경우 의사 또는 약사와 상의하십시오.,-,K-Pharm API (AI Processed)
쥬르택정(세티리진염산염),세티리진염산염,항히스타민제,알코올,음료,warning,세티리진과 알코올의 병용은 진정 효과를 증가시킬 수 있습니다.,"졸음, 어지러움, 집중력 저하 등 부작용 증가.",알코올 섭취를 피하십시오.,-,K-Pharm API (AI Processed)
알벤졸정(알벤다졸),알벤다졸,구충제,없음,없음,no_interaction,없음,없음,-,-,K-Pharm API (AI Processed)
맥시쿨펜연질캡슐(덱시부프로펜),덱시부프로펜,비스테로이드성 소염진통제,알코올,음료,caution,위장 출혈 위험 증가,위장 출혈 가능성 증가,매일 세 잔 이상 정기적으로 음주하는 경우 의사 또는 약사와 상의하십시오.,-,K-Pharm API (AI Processed)
아르텍연질캡슐10mg(세티리진염산염),세티리진염산염,항히스타민제,알코올,음료,warning,세티리진과 알코올의 병용은 진정 효과를 증가시킬 수 있습니다.,"과도한 졸음, 어지러움, 인지 능력 저하.",과량의 알코올과 함께 복용하지 마십시오.,-,K-Pharm API (AI Processed)
익수알벤졸정(알벤다졸),알벤다졸,구충제,없음,없음,no_interaction,없음,없음,없음,-,K-Pharm API (AI Processed)
페인엔젤-프로연질캡슐(덱시부프로펜),덱시부프로펜,비스테로이드성 소염진통제,알코올,음료,caution,위장 출혈 위험 증가,위장 출혈 위험 증가,매일 세 잔 이상 정기적으로 음주하는 경우 의사 또는 약사와 상의하십시오.,-,K-Pharm API (AI Processed)
암씨롱큐정,아세트아미노펜,해열진통제,알코올,음료,warning,"알코올은 간 손상을 유발할 수 있으며, 아세트아미노펜과 함께 복용 시 간 손상 위험이 증가합니다.",간 손상 위험 증가,"매일 세 잔 이상 정기적으로 음주하는 경우, 이 약 복용 전 의사 또는 약사와 상의하십시오.",-,K-Pharm API (AI Processed)
코스펜정,Unknown,Unknown,알코올,알코올,warning,알코올은 코스펜정의 진정 효과를 증가시킬 수 있습니다.,"과도한 졸음, 어지러움, 인지 능력 저하.",코스펜정을 복용하는 동안 알코올 섭취를 피하십시오.,-,K-Pharm API (AI Processed)
디퓨텐연질캡슐(덱시부프로펜),덱시부프로펜,비스테로이드성 소염진통제,알코올,음료,caution,위장 출혈 위험 증가,위장 출혈 가능성 증가,"매일 세 잔 이상 정기적으로 알코올을 섭취하는 경우, 의사 또는 약사와 상의하십시오.",-,K-Pharm API (AI Processed)
캐네펜카타플라스마,알 수 없음,알 수 없음,해당 없음,해당 없음,no_interaction,해당 없음,해당 없음,해당 없음,-,K-Pharm API (AI Processed)
알지엔스피드연질캡슐10밀리그램(세티리진염산염),세티리진염산염,항히스타민제,알코올,음료,warning,세티리진과 알코올의 병용은 진정 효과를 증가시킬 수 있습니다.,"졸음, 집중력 저하, 어지러움 등의 부작용 증가.",알코올 섭취를 피하십시오.,-,K-Pharm API (AI Processed)
페스내추럴비강분무액(염화나트륨),염화나트륨,비강 분무액,NO_INTERACTION,NO_INTERACTION,no_interaction,NO_INTERACTION,NO_INTERACTION,NO_INTERACTION,-,K-Pharm API (AI Processed)
트레스탄츄정,Unknown,Unknown,알코올,음료,warning,알코올과 함께 복용 시 부작용 증가 가능성,"졸음 증가, 어지러움, 기타 부작용 악화",알코올 섭취를 피하십시오.,-,K-Pharm API (AI Processed)
알졸타정400mg(알벤다졸),알벤다졸,구충제,없음,없음,no_interaction,없음,없음,없음,-,K-Pharm API (AI Processed)
나자린플러스분무액(염화나트륨),염화나트륨,비강 스프레이,NO_INTERACTION,NO_INTERACTION,no_interaction,NO_INTERACTION,NO_INTERACTION,NO_INTERACTION,-,K-Pharm API (AI Processed)
알러샷연질캡슐(세티리진염산염),세티리진염산염,항히스타민제,알코올,음료,warning,세티리진과 알코올의 병용은 진정 효과를 증가시킬 수 있습니다.,"졸음, 집중력 저하, 운동 능력 저하 등 부작용 증가.",알러샷연질캡슐 복용 중에는 알코올 섭취를 피하십시오.,-,K-Pharm API (AI Processed)
그날엔큐정,Unknown,Unknown,알코올,알코올,caution,위장 출혈 위험 증가,위장 출혈 위험 증가,매일 세 잔 이상 정기적으로 음주하는 경우 의사 또는 약사와 상의하십시오.,-,K-Pharm API (AI Processed)
훼리너프에프캡슐,Unknown,Unknown,녹차,차,warning,탄닌 성분이 철분 흡수를 방해할 수 있습니다.,약효 감소,"복용 중, 복용 전후에는 피하십시오.",-,K-Pharm API (AI Processed)
훼리너프에프캡슐,Unknown,Unknown,홍차,차,warning,탄닌 성분이 철분 흡수를 방해할 수 있습니다.,약효 감소,"복용 중, 복용 전후에는 피하십시오.",-,K-Pharm API (AI Processed)
훼리너프에프캡슐,Unknown,Unknown,우유,유제품,warning,칼슘이 철분 흡수를 방해할 수 있습니다.,약효 감소,"복용 중, 복용 전후에는 피하십시오.",-,K-Pharm API (AI Processed)
훼리너프에프캡슐,Unknown,Unknown,유제품,유제품,warning,칼슘이 철분 흡수를 방해할 수 있습니다.,약효 감소,"복용 중, 복용 전후에는 피하십시오.",-,K-Pharm API (AI Processed)
프리엔연질캡슐(덱시부프로펜),덱시부프로펜,비스테로이드성 소염진통제,알코올,알코올,warning,위장 출혈 위험 증가,위장 출혈 가능성 증가,"매일 세 잔 이상 정기적으로 음주하는 경우, 이 약 복용 전 의사 또는 약사와 상의하십시오.",-,K-Pharm API (AI Processed)
알드라민정(세티리진염산염),세티리진염산염,항히스타민제,알코올,음료,warning,알코올과 함께 복용 시 진정 효과가 증가할 수 있습니다.,"과도한 졸음, 어지러움, 인지 능력 저하",알코올 섭취를 피하십시오.,-,K-Pharm API (AI Processed)
자이펜연질캡슐300mg(덱시부프로펜),덱시부프로펜,비스테로이드성 소염진통제,알코올,알코올,caution,위장 출혈 위험 증가,위장 출혈 가능성 증가,매일 세 잔 이상 정기적으로 음주하는 경우 의사 또는 약사와 상의하십시오.,-,K-Pharm API (AI Processed)
덱스쿨연질캡슐(덱시부프로펜),덱시부프로펜,비스테로이드성 소염진통제,알코올,알코올,caution,위장 출혈 위험 증가,위장 출혈 위험 증가,"매일 세 잔 이상 정기적으로 음주하는 경우, 이 약 또는 다른 해열진통제 복용 전 의사 또는 약사와 상의하십시오.",-,K-Pharm API (AI Processed)
알세진정10밀리그램(세티리진염산염),세티리진염산염,항히스타민제,알코올,음료,warning,세티리진과 알코올의 병용은 중추신경계 억제 효과를 증가시킬 수 있습니다.,"졸음, 어지러움, 집중력 저하 등 부작용 증가.",과량의 알코올과 함께 복용하지 마십시오.,-,K-Pharm API (AI Processed)
칼비타디정,Unknown,Unknown,녹차,차,warning,탄닌 성분이 칼비타디정의 흡수를 방해할 수 있습니다.,약효 감소,"복용 중, 복용 전후에는 녹차를 피하십시오.",-,K-Pharm API (AI Processed)
칼비타디정,Unknown,Unknown,홍차,차,warning,탄닌 성분이 칼비타디정의 흡수를 방해할 수 있습니다.,약효 감소,"복용 중, 복용 전후에는 홍차를 피하십시오.",-,K-Pharm API (AI Processed)
마그롤연질캡슐,Unknown,Unknown,녹차,차,warning,탄닌 성분이 약물 흡수를 방해할 수 있습니다.,약물 효과 감소,"복용 중, 복용 전후에는 녹차를 피하십시오.",-,K-Pharm API (AI Processed)
마그롤연질캡슐,Unknown,Unknown,홍차,차,warning,탄닌 성분이 약물 흡수를 방해할 수 있습니다.,약물 효과 감소,"복용 중, 복용 전후에는 홍차를 피하십시오.",-,K-Pharm API (AI Processed)
씨락정,Unknown,Unknown,우유,유제품,caution,흡수 방해,약효 감소 가능성,우유 섭취 후 1시간 이내에는 복용하지 마십시오.,-,K-Pharm API (AI Processed)
씨락정,Unknown,Unknown,제산제,Unknown,caution,흡수 방해,약효 감소 가능성,제산제 섭취 후 1시간 이내에는 복용하지 마십시오.,-,K-Pharm API (AI Processed)
둘코락스에스장용정,Unknown,Unknown,우유,유제품,warning,우유 섭취 후 1시간 이내에 복용 시 약물 효과에 영향을 미칠 수 있습니다.,약물 효과 감소 또는 변화,우유 섭취 후 1시간 이후에 복용하십시오.,-,K-Pharm API (AI Processed)
보령바이오아스트릭스캡슐100밀리그램(아스피린장용과립),아스피린,비스테로이드성 소염진통제,알코올,음료,warning,알코올과 아스피린 병용 시 위장관 점막 손상 증가,"위장관 출혈 위험 증가, 출혈 시간 연장",알코올 섭취를 피하십시오.,-,K-Pharm API (AI Processed)
비스칸엔캡슐(바실루스리케니포르미스균),바실루스리케니포르미스균,프로바이오틱스,우유,유제품,caution,유아의 경우 캡슐 내용물을 소량의 우유에 타서 복용할 수 있습니다.,약물 복용 편의성,유아에게 투여 시 우유에 타서 복용 가능,-,K-Pharm API (AI Processed)
엘라스에이액(트록세루틴),트록세루틴,혈관 보호제,음식,일반,caution,약물 흡수를 돕기 위해 음식과 함께 복용하도록 권장,약물 흡수 증가,식사 중에 복용하십시오.,-,K-Pharm API (AI Processed)
노자임캡슐10000(판크레아틴장용성제피미세정),판크레아틴,소화 효소,NO_INTERACTION,NO_INTERACTION,no_interaction,NO_INTERACTION,NO_INTERACTION,NO_INTERACTION,-,K-Pharm API (AI Processed)
아토믹스큐플러스연질캡슐,Unknown,Unknown,"녹차, 홍차 등 탄닌을 함유하는 차",차,warning,탄닌은 약물의 흡수를 방해할 수 있습니다.,약효 감소,"복용 중, 복용 전후에는 피하십시오.",-,K-Pharm API (AI Processed)
본에존연질캡슐,Unknown,Unknown,녹차,차,warning,탄닌 성분이 약물 흡수를 방해할 수 있습니다.,약효 감소,"복용 중, 복용 전후에는 녹차를 피하십시오.",-,K-Pharm API (AI Processed)
본에존연질캡슐,Unknown,Unknown,홍차,차,warning,탄닌 성분이 약물 흡수를 방해할 수 있습니다.,약효 감소,"복용 중, 복용 전후에는 홍차를 피하십시오.",-,K-Pharm API (AI Processed)
원더칼-디츄어블정,Unknown,Unknown,녹차,차,caution,탄닌 성분이 칼슘 흡수를 방해할 수 있습니다.,약효 감소 가능성,"복용 중, 복용 전후에는 피하십시오.",-,K-Pharm API (AI Processed)
원더칼-디츄어블정,Unknown,Unknown,홍차,차,caution,탄닌 성분이 칼슘 흡수를 방해할 수 있습니다.,약효 감소 가능성,"복용 중, 복용 전후에는 피하십시오.",-,K-Pharm API (AI Processed)
캐네펜카타플라스마,알 수 없음,알 수 없음,해당 없음,해당 없음,해당 없음,해당 없음,해당 없음,해당 없음,-,K-Pharm API (AI Processed)
알지엔스피드연질캡슐10밀리그램(세티리진염산염),세티리진염산염,항히스타민제,알코올,음료,warning,세티리진과 알코올의 병용은 진정 효과를 증가시킬 수 있습니다.,"졸음, 집중력 저하, 어지러움 등의 부작용 증가.",알코올 섭취를 피하십시오.,-,K-Pharm API (AI Processed)
페스내추럴비강분무액(염화나트륨),염화나트륨,비강 분무액,NO_INTERACTION,NO_INTERACTION,no_interaction,NO_INTERACTION,NO_INTERACTION,NO_INTERACTION,-,K-Pharm API (AI Processed)
트레스탄츄정,Unknown,Unknown,알코올,음료,warning,알코올과 함께 복용 시 약물의 부작용을 증가시킬 수 있습니다.,"졸음, 어지러움, 또는 기타 부작용 증가",알코올 섭취를 피하십시오.,-,K-Pharm API (AI Processed)
알졸타정400mg(알벤다졸),알벤다졸,구충제,없음,없음,no_interaction,없음,없음,없음,-,K-Pharm API (AI Processed)
나자린플러스분무액(염화나트륨),염화나트륨,비강 스프레이,NO_INTERACTION,NO_INTERACTION,no_interaction,NO_INTERACTION,NO_INTERACTION,NO_INTERACTION,-,K-Pharm API (AI Processed)
알러샷연질캡슐(세티리진염산염),세티리진염산염,항히스타민제,알코올,음료,warning,세티리진과 알코올의 병용은 중추신경 억제 효과를 증가시킬 수 있습니다.,"졸음, 집중력 저하, 운동 능력 저하 등 부작용 증가.",알러샷연질캡슐 복용 중에는 알코올 섭취를 피하십시오.,-,K-Pharm API (AI Processed)
그날엔큐정,Unknown,Unknown,알코올,알코올,caution,위장 출혈 위험 증가,위장 출혈 위험 증가,매일 세 잔 이상 정기적으로 음주하는 경우 의사 또는 약사와 상의하십시오.,-,K-Pharm API (AI Processed)
훼리너프에프캡슐,Unknown,Unknown,녹차,차,warning,탄닌 성분이 철분 흡수를 방해할 수 있습니다.,약효 감소,"복용 중, 복용 전후에는 피하십시오.",-,K-Pharm API (AI Processed)
훼리너프에프캡슐,Unknown,Unknown,홍차,차,warning,탄닌 성분이 철분 흡수를 방해할 수 있습니다.,약효 감소,"복용 중, 복용 전후에는 피하십시오.",-,K-Pharm API (AI Processed)
훼리너프에프캡슐,Unknown,Unknown,우유,유제품,warning,칼슘 성분이 철분 흡수를 방해할 수 있습니다.,약효 감소,"복용 중, 복용 전후에는 피하십시오.",-,K-Pharm API (AI Processed)
훼리너프에프캡슐,Unknown,Unknown,유제품,유제품,warning,칼슘 성분이 철분 흡수를 방해할 수 있습니다.,약효 감소,"복용 중, 복용 전후에는 피하십시오.",-,K-Pharm API (AI Processed)
비트리모정,Unknown,Unknown,없음,없음,no_interaction,NO_INTERACTION,NO_INTERACTION,NO_INTERACTION,-,K-Pharm API (AI Processed)
애니펜시럽(덱시부프로펜),덱시부프로펜,비스테로이드성 소염진통제,알코올,음료,warning,위장 출혈 위험 증가,위장 출혈 위험 증가,"매일 세 잔 이상 정기적으로 음주하는 경우, 복용 전 의사 또는 약사와 상의하십시오.",-,K-Pharm API (AI Processed)
카엘정,Unknown,Unknown,알코올,알코올,danger,"알코올은 간 손상을 유발할 수 있으며, 카엘정의 아세트아미노펜 성분 또한 간 손상의 위험을 증가시킬 수 있습니다.",간 손상 위험 증가,복용 중에는 음주하지 마십시오.,-,K-Pharm API (AI Processed)
게보린정(수출명:돌로린정),아세트아미노펜,해열진통제,알코올,음료,danger,간 손상 위험 증가,간 손상,알코올과 함께 복용하지 마십시오.,-,K-Pharm API (AI Processed)
후모레스액,알 수 없음,알 수 없음,없음,없음,없음,없음,없음,없음,-,K-Pharm API (AI Processed)
아나프록스정(나프록센나트륨),나프록센나트륨,비스테로이드성 소염진통제,알코올,음료,caution,위장 출혈 위험 증가,위장 출혈 가능성 증가,"매일 세 잔 이상 정기적으로 음주하는 경우, 이 약 복용 전 의사 또는 약사와 상의하십시오.",-,K-Pharm API (AI Processed)
부루펜정400밀리그램(이부프로펜),이부프로펜,비스테로이드성 소염진통제,알코올,알코올,warning,위장 출혈 위험 증가,위장 출혈 발생 가능성 증가,"매일 세 잔 이상 정기적으로 음주하는 경우, 이 약 복용 전 의사 또는 약사와 상의하십시오.",-,K-Pharm API (AI Processed)
엠코발캡슐(메코발라민),메코발라민,비타민 B12,알코올,음료,caution,알코올 과다 섭취는 약물 효과에 영향을 줄 수 있습니다.,약물 효과 감소 가능성,2주 이상 과량의 알코올 섭취 시 의사 또는 약사와 상의하십시오.,-,K-Pharm API (AI Processed)
베노론캡슐(디오스민),디오스민,혈관보호제,없음,없음,no_interaction,없음,없음,없음,-,K-Pharm API (AI Processed)
스코펜정400밀리그램(이부프로펜),이부프로펜,비스테로이드성 소염진통제,알코올,음료,caution,위장 출혈 위험 증가,위장 출혈 가능성 증가,"매일 세 잔 이상 정기적으로 음주하는 경우, 이 약 복용 전 의사 또는 약사와 상의하십시오.",-,K-Pharm API (AI Processed)
둘코락스에스장용정,Unknown,Unknown,우유,유제품,warning,우유 섭취 후 1시간 이내에 복용 시 약물 효과에 영향을 미칠 수 있습니다.,약물 효과 감소 또는 변화,우유 섭취 후 1시간 이후에 복용하십시오.,-,K-Pharm API (AI Processed)
보령바이오아스트릭스캡슐100밀리그램(아스피린장용과립),아스피린,비스테로이드성 소염진통제,알코올,알코올,warning,위장관 점막 손상 증가 및 출혈 시간 연장,위장관 출혈 위험 증가,알코올 섭취를 피하십시오.,-,K-Pharm API (AI Processed)
비스칸엔캡슐(바실루스리케니포르미스균),바실루스리케니포르미스균,프로바이오틱스,우유,유제품,caution,유아의 경우 캡슐 내용물을 소량의 우유에 타서 복용할 수 있습니다.,약물 복용 편의성,유아에게 투여 시 우유에 타서 복용 가능,-,K-Pharm API (AI Processed)
엘라스에이액(트록세루틴),트록세루틴,혈관 보호제,음식,일반,caution,약물 흡수를 돕기 위해 음식과 함께 복용하도록 권장,약물 흡수 증가,식사 중에 복용하십시오.,-,K-Pharm API (AI Processed)
노자임캡슐10000(판크레아틴장용성제피미세정),판크레아틴,소화 효소,NO_INTERACTION,NO_INTERACTION,no_interaction,NO_INTERACTION,NO_INTERACTION,NO_INTERACTION,-,K-Pharm API (AI Processed)
아토믹스큐플러스연질캡슐,Unknown,Unknown,"녹차, 홍차 등 탄닌을 함유하는 차",차,warning,탄닌은 약물의 흡수를 방해할 수 있습니다.,약효 감소,"복용 중, 복용 전후에는 피하십시오.",-,K-Pharm API (AI Processed)
본에존연질캡슐,Unknown,Unknown,녹차,차,warning,탄닌 성분이 약물 흡수를 방해할 수 있습니다.,약효 감소,"복용 중, 복용 전후에는 녹차를 피하십시오.",-,K-Pharm API (AI Processed)
본에존연질캡슐,Unknown,Unknown,홍차,차,warning,탄닌 성분이 약물 흡수를 방해할 수 있습니다.,약효 감소,"복용 중, 복용 전후에는 홍차를 피하십시오.",-,K-Pharm API (AI Processed)
원더칼-디츄어블정,Unknown,Unknown,녹차,차,caution,탄닌 성분이 칼슘 흡수를 방해할 수 있습니다.,약효 감소 가능성,"복용 중, 복용 전후에는 피하십시오.",-,K-Pharm API (AI Processed)
원더칼-디츄어블정,Unknown,Unknown,홍차,차,caution,탄닌 성분이 칼슘 흡수를 방해할 수 있습니다.,약효 감소 가능성,"복용 중, 복용 전후에는 피하십시오.",-,K-Pharm API (AI Processed)
크로낙정(클로닉신리시네이트),클로닉신리시네이트,비스테로이드성 소염진통제,없음,없음,no_interaction,없음,없음,없음,-,K-Pharm API (AI Processed)
오라메디연고{수출명:오라메디파스타(ORAMEDYPASTE)},Unknown,Unknown,음식,일반,caution,약물 사용 후 바로 음식 섭취 시 약물 효과에 영향을 줄 수 있습니다.,약물 효과 감소 가능성,약물 사용 후 바로 음식을 먹지 마십시오.,-,K-Pharm API (AI Processed)
비타메진캡슐50밀리그램,Unknown,Unknown,NO_INTERACTION,NO_INTERACTION,no_interaction,NO_INTERACTION,NO_INTERACTION,NO_INTERACTION,-,K-Pharm API (AI Processed)
엠코발500마이크로그램캡슐(메코발라민),메코발라민,비타민 B12,알코올,음료,caution,과량의 알코올 섭취는 약물의 효과에 영향을 줄 수 있습니다.,약효 감소 가능성,의사 또는 약사와 상의하십시오.,-,K-Pharm API (AI Processed)
에세푸릴캡슐(니푸록사지드),니푸록사지드,설사 치료제,생야채,채소,caution,설사 증상 악화 가능성,설사 증상 악화,섭취를 피하십시오.,익힌 채소,K-Pharm API (AI Processed)
에세푸릴캡슐(니푸록사지드),니푸록사지드,설사 치료제,과일,과일,caution,설사 증상 악화 가능성,설사 증상 악화,섭취를 피하십시오.,-,K-Pharm API (AI Processed)
에세푸릴캡슐(니푸록사지드),니푸록사지드,설사 치료제,녹색 채소,채소,caution,설사 증상 악화 가능성,설사 증상 악화,섭취를 피하십시오.,익힌 채소,K-Pharm API (AI Processed)
에세푸릴캡슐(니푸록사지드),니푸록사지드,설사 치료제,매운 음식,음식,caution,설사 증상 악화 가능성,설사 증상 악화,섭취를 피하십시오.,-,K-Pharm API (AI Processed)
에세푸릴캡슐(니푸록사지드),니푸록사지드,설사 치료제,얼린 음식 및 음료,음료,caution,설사 증상 악화 가능성,설사 증상 악화,섭취를 피하십시오.,-,K-Pharm API (AI Processed)
키미테패취(스코폴라민)(수출명:可弥特止暈貼濟),스코폴라민,멀미약,알코올,음료,warning,"알코올은 중추신경계 억제 효과를 가지며, 스코폴라민과 함께 사용 시 졸음, 어지러움, 인지 기능 저하 등의 부작용을 증가시킬 수 있습니다.","졸음, 어지러움, 인지 기능 저하, 운전 능력 저하",알코올 섭취를 피하십시오. 부득이하게 섭취해야 할 경우 의사 또는 약사와 상의하십시오.,-,K-Pharm API (AI Processed)
비트리모정,Unknown,Unknown,없음,없음,no_interaction,NO_INTERACTION,NO_INTERACTION,NO_INTERACTION,-,K-Pharm API (AI Processed)
애니펜시럽(덱시부프로펜),덱시부프로펜,비스테로이드성 소염진통제,알코올,음료,caution,"알코올은 위장 출혈의 위험을 증가시킬 수 있으며, 덱시부프로펜의 위장관 부작용을 악화시킬 수 있습니다.",위장 출혈 위험 증가,"매일 세 잔 이상 정기적으로 음주하는 경우, 이 약 복용 전 의사 또는 약사와 상의하십시오.",-,K-Pharm API (AI Processed)
카엘정,Unknown,Unknown,알코올,알코올,danger,간 손상 위험 증가,간 손상 위험 증가,복용 중에는 음주하지 마십시오.,-,K-Pharm API (AI Processed)
게보린정(수출명:돌로린정),아세트아미노펜,해열진통제,알코올,음료,danger,간 손상 위험 증가,간 손상,알코올과 함께 복용하지 마십시오.,-,K-Pharm API (AI Processed)
맥스프로시럽(덱시부프로펜),덱시부프로펜,비스테로이드성 소염진통제,알코올,음료,caution,위장 출혈 위험 증가,위장 출혈 가능성 증가,"매일 세 잔 이상 정기적으로 음주하는 경우, 복용 전 의사 또는 약사와 상의하십시오.",-,K-Pharm API (AI Processed)
칼디업츄어블정,Unknown,Unknown,녹차,차,caution,탄닌 성분이 칼슘 흡수를 방해할 수 있습니다.,약효 감소,"복용 중, 복용 전후에는 녹차를 피하십시오.",-,K-Pharm API (AI Processed)
칼디업츄어블정,Unknown,Unknown,홍차,차,caution,탄닌 성분이 칼슘 흡수를 방해할 수 있습니다.,약효 감소,"복용 중, 복용 전후에는 홍차를 피하십시오.",-,K-Pharm API (AI Processed)
메가트루골드정,Unknown,Unknown,녹차,차,warning,탄닌 성분은 약물 흡수를 방해할 수 있습니다.,약물 효과 감소,"복용 중, 복용 전후에는 녹차를 피하십시오.",-,K-Pharm API (AI Processed)
메가트루골드정,Unknown,Unknown,홍차,차,warning,탄닌 성분은 약물 흡수를 방해할 수 있습니다.,약물 효과 감소,"복용 중, 복용 전후에는 홍차를 피하십시오.",-,K-Pharm API (AI Processed)
명문아스피린장용정100mg,아스피린,비스테로이드성 소염진통제,알코올,음료,warning,위장관 점막 손상 증가 및 출혈 시간 연장,"위장관 출혈 위험 증가, 출혈 시간 연장",알코올과 함께 복용하지 마십시오.,-,K-Pharm API (AI Processed)
헥스틱스왑액,Unknown,Unknown,NO_INTERACTION,NO_INTERACTION,no_interaction,NO_INTERACTION,NO_INTERACTION,NO_INTERACTION,-,K-Pharm API (AI Processed)
삼진아스피린장용정,아스피린,비스테로이드성 소염진통제,알코올,음료,warning,위장관 점막 손상 증가 및 출혈 시간 연장,"위장관 출혈 위험 증가, 출혈 시간 연장",알코올 섭취를 피하십시오.,-,K-Pharm API (AI Processed)
노즈쏙정,Unknown,Unknown,알코올,알코올,warning,알코올은 약물의 진정 효과를 증가시킬 수 있습니다.,"졸음 증가, 어지러움, 집중력 저하.",약물 복용 중 알코올 섭취를 피하십시오.,-,K-Pharm API (AI Processed)
글로아스피린장용정100mg(아스피린),아스피린,비스테로이드성 소염진통제,알코올,음료,warning,위장관 점막 손상 증가 및 출혈 시간 연장,"위장관 출혈 위험 증가, 출혈 시간 연장",알코올 섭취를 피하십시오.,-,K-Pharm API (AI Processed)
진탁콜캡슐,Unknown,Unknown,알코올,알코올,warning,알코올은 약물의 부작용을 증가시키거나 간 손상을 악화시킬 수 있습니다.,"부작용 증가, 간 손상 위험 증가",복용 중에는 음주하지 마십시오.,-,K-Pharm API (AI Processed)
속콜기가연질캡슐,Unknown,Unknown,NO_INTERACTION,NO_INTERACTION,no_interaction,NO_INTERACTION,NO_INTERACTION,NO_INTERACTION,-,K-Pharm API (AI Processed)
마그밀에스정(산화마그네슘),산화마그네슘,Unknown,우유,유제품,caution,"정확한 기전은 명시되지 않았으나, 마그네슘과 칼슘의 상호작용 가능성.",의사 또는 약사와 상의 필요.,의사 또는 약사와 상의하십시오.,-,K-Pharm API (AI Processed)
마그밀에스정(산화마그네슘),산화마그네슘,Unknown,칼슘제제,영양 보충제,caution,"정확한 기전은 명시되지 않았으나, 마그네슘과 칼슘의 상호작용 가능성.",의사 또는 약사와 상의 필요.,의사 또는 약사와 상의하십시오.,-,K-Pharm API (AI Processed)
일양나프록센나트륨정,나프록센나트륨,비스테로이드성 소염진통제,알코올,음료,경고,위장 출혈 위험 증가,위장 출혈 위험 증가,"매일 세 잔 이상 정기적으로 음주하는 경우, 이 약 또는 다른 해열진통제 복용 전 의사 또는 약사와 상의하십시오.",-,K-Pharm API (AI Processed)
쾌락스정,Unknown,Unknown,NO_INTERACTION,NO_INTERACTION,no_interaction,NO_INTERACTION,NO_INTERACTION,NO_INTERACTION,-,K-Pharm API (AI Processed)
소니펜정300mg(덱시부프로펜),덱시부프로펜,비스테로이드성 소염진통제,알코올,음료,caution,위장 출혈 위험 증가,위장 출혈 가능성 증가,"매일 세 잔 이상 정기적으로 음주하는 경우, 의사 또는 약사와 상의하십시오.",-,K-Pharm API (AI Processed)
페인엔젤이부연질캡슐(이부프로펜),이부프로펜,비스테로이드성 소염진통제,알코올,알코올,caution,위장 출혈 위험 증가,위장 출혈 가능성 증가,"매일 세 잔 이상 정기적으로 음주하는 경우, 이 약 복용 전 의사 또는 약사와 상의하십시오.",-,K-Pharm API (AI Processed)
여우엔연질캡슐(나프록센),나프록센,비스테로이드성 소염진통제,알코올,알코올,caution,위장 출혈 위험 증가,위장 출혈 가능성 증가,"매일 세 잔 이상 정기적으로 음주하는 경우, 이 약 또는 다른 해열진통제 복용 시 의사 또는 약사와 상의하십시오.",-,K-Pharm API (AI Processed)
한솔나프록센연질캡슐,나프록센,비스테로이드성 소염진통제,알코올,음료,caution,위장 출혈 위험 증가,위장 출혈 가능성 증가,"매일 세 잔 이상 정기적으로 음주하는 경우, 복용 전 의사 또는 약사와 상의하십시오.",-,K-Pharm API (AI Processed)
확펜연질캡슐(나프록센),나프록센,비스테로이드성 소염진통제,알코올,음료,caution,위장 출혈 위험 증가,위장 출혈 가능성 증가,"매일 세 잔 이상 정기적으로 음주하는 경우, 이 약 복용 전 의사 또는 약사와 상의하십시오.",-,K-Pharm API (AI Processed)
프로센골드연질캡슐(나프록센),나프록센,비스테로이드성 소염진통제 (NSAIDs),알코올,알코올,caution,위장 출혈 위험 증가,위장 출혈 가능성 증가,"매일 세 잔 이상 정기적으로 음주하는 경우, 이 약 또는 다른 해열진통제 복용 전 의사 또는 약사와 상의하십시오.",-,K-Pharm API (AI Processed)
리드펜플러스연질캡슐(덱시부프로펜),덱시부프로펜,비스테로이드성 소염진통제,알코올,음료,caution,위장 출혈 위험 증가,위장 출혈 가능성 증가,"매일 세 잔 이상 정기적으로 음주하는 경우, 의사 또는 약사와 상의하십시오.",-,K-Pharm API (AI Processed)
경남나프록센연질캡슐,나프록센,비스테로이드성 소염진통제,알코올,음료,caution,매일 세 잔 이상 정기적으로 음주하는 사람이 이 약을 복용하면 위장 출혈의 위험이 증가할 수 있습니다.,위장 출혈 위험 증가,의사 또는 약사와 상의하십시오.,-,K-Pharm API (AI Processed)
코리투살노즈시럽,Unknown,Unknown,알코올,알코올,danger,알코올은 약물의 부작용을 증가시키거나 간 손상을 유발할 수 있습니다.,"부작용 증가, 간 손상 위험 증가",복용 중에는 음주하지 마십시오.,-,K-Pharm API (AI Processed)
코리투살에프시럽(이부프로펜),이부프로펜,비스테로이드성 소염진통제,알코올,알코올,caution,알코올과 함께 복용 시 위장 출혈 위험 증가,위장 출혈 위험 증가,"매일 세 잔 이상 정기적으로 음주하는 경우, 이 약 또는 다른 해열진통제 복용 전 의사 또는 약사와 상의하십시오.",-,K-Pharm API (AI Processed)
하노백플러스정,Unknown,Unknown,녹차,차,warning,탄닌 성분이 약물 흡수를 방해할 수 있습니다.,약효 감소,"복용 중, 복용 전후에는 녹차를 피하십시오.",-,K-Pharm API (AI Processed)
하노백플러스정,Unknown,Unknown,홍차,차,warning,탄닌 성분이 약물 흡수를 방해할 수 있습니다.,약효 감소,"복용 중, 복용 전후에는 홍차를 피하십시오.",-,K-Pharm API (AI Processed)
아웃콜목골드캡슐,Unknown,Unknown,알코올,알코올,danger,알코올은 아웃콜목골드캡슐의 성분과 상호작용하여 부작용 위험을 증가시킬 수 있습니다.,"간 손상 위험 증가, 졸음 증가",복용 중에는 음주를 피하십시오.,-,K-Pharm API (AI Processed)
클린파워연질캡슐,Unknown,Unknown,알코올,알코올,danger,알코올과 함께 복용 시 간 손상 위험 증가,간 손상 위험 증가,복용 중에는 음주하지 마십시오.,-,K-Pharm API (AI Processed)
화콜클래식원연질캡슐,Unknown,감기약,알코올,알코올,danger,알코올은 약물의 부작용을 증가시키고 간 손상을 악화시킬 수 있습니다.,"간 손상 위험 증가, 졸음 증가, 약물 효과 변화",복용 중에는 음주하지 마십시오.,-,K-Pharm API (AI Processed)
덱쎈연질캡슐(덱시부프로펜),덱시부프로펜,비스테로이드성 소염진통제,알코올,음료,caution,위장 출혈 위험 증가,위장 출혈 가능성 증가,"매일 세 잔 이상 정기적으로 음주하는 경우, 의사 또는 약사와 상의하십시오.",-,K-Pharm API (AI Processed)
라니린에스정,Unknown,Unknown,알코올,알코올,danger,알코올은 라니린에스정의 부작용을 증가시키거나 간 손상을 악화시킬 수 있습니다.,"간 손상 위험 증가, 부작용 증가",복용 중에는 음주하지 마십시오.,-,K-Pharm API (AI Processed)
소니펜정300mg(덱시부프로펜),덱시부프로펜,비스테로이드성 소염진통제,알코올,음료,caution,위장 출혈 위험 증가,위장 출혈 가능성 증가,"매일 세 잔 이상 정기적으로 음주하는 경우, 복용 전 의사 또는 약사와 상의하십시오.",-,K-Pharm API (AI Processed)
페인엔젤이부연질캡슐(이부프로펜),이부프로펜,비스테로이드성 소염진통제,알코올,알코올,caution,"알코올은 위장 출혈의 위험을 증가시킬 수 있으며, 이부프로펜과 함께 복용 시 이 위험이 증가할 수 있습니다.",위장 출혈 위험 증가,"매일 세 잔 이상 정기적으로 음주하는 경우, 이 약 복용 전에 의사 또는 약사와 상의하십시오.",-,K-Pharm API (AI Processed)
여우엔연질캡슐(나프록센),나프록센,비스테로이드성 소염진통제,알코올,알코올,caution,위장 출혈 위험 증가,위장 출혈 가능성 증가,"매일 세 잔 이상 정기적으로 음주하는 경우, 이 약 또는 다른 해열진통제 복용 시 의사 또는 약사와 상의하십시오.",-,K-Pharm API (AI Processed)
한솔나프록센연질캡슐,나프록센,비스테로이드성 소염진통제,알코올,음료,caution,위장 출혈 위험 증가,위장 출혈 가능성 증가,"매일 세 잔 이상 정기적으로 음주하는 경우, 복용 전 의사 또는 약사와 상의하십시오.",-,K-Pharm API (AI Processed)
확펜연질캡슐(나프록센),나프록센,비스테로이드성 소염진통제,알코올,음료,caution,위장 출혈 위험 증가,위장 출혈 가능성 증가,"매일 세 잔 이상 정기적으로 음주하는 경우, 이 약 복용 전 의사 또는 약사와 상의하십시오.",-,K-Pharm API (AI Processed)
프로센골드연질캡슐(나프록센),나프록센,비스테로이드성 소염진통제 (NSAIDs),알코올,알코올,caution,위장 출혈 위험 증가,위장 출혈 가능성 증가,"매일 세 잔 이상 정기적으로 음주하는 경우, 이 약 또는 다른 해열진통제 복용 전 의사 또는 약사와 상의하십시오.",-,K-Pharm API (AI Processed)
리드펜플러스연질캡슐(덱시부프로펜),덱시부프로펜,비스테로이드성 소염진통제,알코올,음료,warning,위장 출혈 위험 증가,위장 출혈 가능성 증가,"매일 세 잔 이상 정기적으로 음주하는 경우, 이 약 또는 다른 해열진통제 복용 전 의사 또는 약사와 상의하십시오.",-,K-Pharm API (AI Processed)
경남나프록센연질캡슐,나프록센,비스테로이드성 소염진통제,알코올,알코올,caution,위장 출혈 위험 증가,위장 출혈 가능성 증가,"매일 세 잔 이상 정기적으로 음주하는 경우, 이 약 또는 다른 해열진통제 복용 전 의사 또는 약사와 상의하십시오.",-,K-Pharm API (AI Processed)
코리투살노즈시럽,Unknown,Unknown,알코올,음료,danger,알코올은 약물의 부작용을 증가시키고 간 손상을 악화시킬 수 있습니다.,"간 손상 위험 증가, 졸음 증가, 약물 효과 변화.",복용 중에는 음주하지 마십시오.,-,K-Pharm API (AI Processed)
코리투살에프시럽(이부프로펜),이부프로펜,비스테로이드성 소염진통제,알코올,알코올,caution,알코올과 함께 복용 시 위장 출혈 위험 증가,위장 출혈 위험 증가,"매일 세 잔 이상 정기적으로 음주하는 경우, 이 약 또는 다른 해열진통제 복용 전 의사 또는 약사와 상의하십시오.",-,K-Pharm API (AI Processed)
코리투살에프콜드시럽,Unknown,Unknown,알코올,알코올,danger,아세트아미노펜의 간 독성 위험 증가.,간 손상 위험 증가.,복용 중에는 음주하지 마십시오.,-,K-Pharm API (AI Processed)
나리센연질캡슐(나프록센),나프록센,비스테로이드성 소염진통제,알코올,음료,caution,위장 출혈 위험 증가,위장 출혈 가능성 증가,"매일 세 잔 이상 정기적으로 음주하는 경우, 이 약 복용 전 의사 또는 약사와 상의하십시오.",-,K-Pharm API (AI Processed)
이든암브록솔염산염정(암브록솔염산염),암브록솔염산염,Unknown,Unknown,Unknown,no_interaction,NO_INTERACTION,NO_INTERACTION,NO_INTERACTION,-,K-Pharm API (AI Processed)
프리센연질캡슐(나프록센),나프록센,비스테로이드성 소염진통제,알코올,음료,warning,위장 출혈 위험 증가,위장 출혈 가능성 증가,"매일 세 잔 이상 정기적으로 음주하는 경우, 이 약 복용 전 의사 또는 약사와 상의하십시오.",-,K-Pharm API (AI Processed)
"키즈팡츄어블정(수출명: Kids Pang Chewable Tab., Yukids chewable tablet)",Unknown,Unknown,"녹차, 홍차 등 탄닌을 함유하는 차",차,warning,탄닌은 약물의 흡수를 방해할 수 있습니다.,약효 감소,"복용 중, 복용 전후에는 피하십시오.",-,K-Pharm API (AI Processed)
다나센연질캡슐(나프록센),나프록센,비스테로이드성 소염진통제,알코올,음료,warning,위장 출혈 위험 증가,위장 출혈 위험 증가,"매일 세 잔 이상 정기적으로 음주하는 경우, 이 약 또는 다른 해열진통제 복용 전 의사 또는 약사와 상의하십시오.",-,K-Pharm API (AI Processed)
디센트에스정,Unknown,Unknown,우유,유제품,caution,제산제 또는 우유 섭취 후 1시간 이내에 복용 시 약물 흡수에 영향을 줄 수 있습니다.,약효 감소 가능성,우유 섭취 후 1시간 이후에 복용하십시오.,-,K-Pharm API (AI Processed)
디센트에스정,Unknown,Unknown,제산제,의약품,caution,제산제 또는 우유 섭취 후 1시간 이내에 복용 시 약물 흡수에 영향을 줄 수 있습니다.,약효 감소 가능성,제산제 섭취 후 1시간 이후에 복용하십시오.,-,K-Pharm API (AI Processed)
니자드정(니자티딘),니자티딘,H2 수용체 길항제,카페인,음료,caution,알 수 없음,알 수 없음,복용 중에는 피하십시오.,-,K-Pharm API (AI Processed)
니자드정(니자티딘),니자티딘,H2 수용체 길항제,초콜렛,기타,caution,알 수 없음,알 수 없음,복용 중에는 피하십시오.,-,K-Pharm API (AI Processed)
니자드정(니자티딘),니자티딘,H2 수용체 길항제,튀긴 음식,기타,caution,알 수 없음,알 수 없음,복용 중에는 피하십시오.,-,K-Pharm API (AI Processed)
니자드정(니자티딘),니자티딘,H2 수용체 길항제,알코올,음료,warning,알 수 없음,알 수 없음,복용 중에는 음주하지 마십시오.,-,K-Pharm API (AI Processed)
광동탕에이액,Unknown,Unknown,알코올,알코올,danger,간 손상을 일으킬 수 있음.,간 손상 위험 증가,복용 중에는 음주하지 마십시오.,-,K-Pharm API (AI Processed)
디판셉틱크림,Unknown,Unknown,NO_INTERACTION,NO_INTERACTION,no_interaction,NO_INTERACTION,NO_INTERACTION,NO_INTERACTION,-,K-Pharm API (AI Processed)
알피린장용정(아스피린)(수출용),아스피린,비스테로이드성 소염진통제,알코올,음료,warning,위장관 점막 손상 증가 및 출혈 시간 연장,"위장관 손상 증가, 출혈 위험 증가",알코올과 함께 복용하지 마십시오.,-,K-Pharm API (AI Processed)
페인엔젤센연질캡슐(나프록센),나프록센,비스테로이드성 소염진통제,알코올,알코올,warning,위장 출혈 위험 증가,위장 출혈 가능성 증가,"매일 세 잔 이상 정기적으로 음주하는 경우, 이 약 복용 전 의사 또는 약사와 상의하십시오.",-,K-Pharm API (AI Processed)
비센큐정,알 수 없음,알 수 없음,우유,유제품,caution,알 수 없음,알 수 없음,우유 섭취 후 1시간 이내에는 복용을 피하십시오.,-,K-Pharm API (AI Processed)
휴비스트아스피린장용정,아스피린,비스테로이드성 소염진통제,알코올,음료,warning,위장관 점막 손상 증가 및 출혈 시간 연장,"위장관 출혈 위험 증가, 출혈 시간 연장",알코올 섭취를 피하십시오.,-,K-Pharm API (AI Processed)
아드레큐에이정,Unknown,Unknown,녹차,차,warning,탄닌 성분이 약물 흡수를 방해할 수 있습니다.,약효 감소,"복용 중, 복용 전후에는 피하십시오.",-,K-Pharm API (AI Processed)
아드레큐에이정,Unknown,Unknown,홍차,차,warning,탄닌 성분이 약물 흡수를 방해할 수 있습니다.,약효 감소,"복용 중, 복용 전후에는 피하십시오.",-,K-Pharm API (AI Processed)
알비코정,Unknown,Unknown,알코올,알코올,warning,알코올은 약물의 진정 효과를 증가시킬 수 있습니다.,"졸음 증가, 어지러움, 집중력 저하.",알비코정 복용 중에는 알코올 섭취를 피하십시오.,-,K-Pharm API (AI Processed)
로피딘캡슐(로페라미드염산염)(수출용),로페라미드염산염,지사제,없음,없음,no_interaction,없음,없음,없음,-,K-Pharm API (AI Processed)
아사프장용정100mg(아스피린),아스피린,비스테로이드성 소염진통제,알코올,음료,warning,위장관 점막 손상 증가 및 출혈 시간 연장,"위장관 출혈 위험 증가, 출혈 시간 연장",알코올 섭취를 피하십시오.,-,K-Pharm API (AI Processed)
코리투살에프콜드시럽,Unknown,Unknown,알코올,알코올,danger,아세트아미노펜의 간 독성 위험 증가,간 손상 위험 증가,복용 중에는 음주하지 마십시오.,-,K-Pharm API (AI Processed)
나리센연질캡슐(나프록센),나프록센,비스테로이드성 소염진통제,알코올,음료,caution,위장 출혈 위험 증가,위장 출혈 가능성 증가,"매일 세 잔 이상 정기적으로 음주하는 경우, 이 약 복용 전 의사 또는 약사와 상의하십시오.",-,K-Pharm API (AI Processed)
이든암브록솔염산염정(암브록솔염산염),암브록솔염산염,Unknown,Unknown,Unknown,no_interaction,NO_INTERACTION,NO_INTERACTION,NO_INTERACTION,-,K-Pharm API (AI Processed)
프리센연질캡슐(나프록센),나프록센,비스테로이드성 소염진통제,알코올,알코올,warning,위장 출혈 위험 증가,위장 출혈 가능성 증가,"매일 세 잔 이상 정기적으로 음주하는 경우, 이 약 복용 전 의사 또는 약사와 상의하십시오.",-,K-Pharm API (AI Processed)
"키즈팡츄어블정(수출명: Kids Pang Chewable Tab., Yukids chewable tablet)",Unknown,Unknown,"녹차, 홍차 등 탄닌을 함유하는 차",차,warning,탄닌은 약물의 흡수를 방해할 수 있습니다.,약효 감소,"복용 중, 복용 전후에는 피하십시오.",-,K-Pharm API (AI Processed)
다나센연질캡슐(나프록센),나프록센,비스테로이드성 소염진통제,알코올,음료,warning,위장 출혈 위험 증가,위장 출혈 위험 증가,"매일 세 잔 이상 정기적으로 음주하는 경우, 이 약 또는 다른 해열진통제 복용 전 의사 또는 약사와 상의하십시오.",-,K-Pharm API (AI Processed)
디센트에스정,Unknown,Unknown,우유,유제품,caution,제산제 또는 우유 섭취 후 1시간 이내에 복용 시 약물 흡수에 영향을 줄 수 있습니다.,약효 감소 가능성,우유 섭취 후 1시간 이후에 복용하십시오.,-,K-Pharm API (AI Processed)
니자드정(니자티딘),니자티딘,H2 수용체 길항제,카페인,음료,caution,알 수 없음,알 수 없음,복용 중에는 피하십시오.,-,K-Pharm API (AI Processed)
니자드정(니자티딘),니자티딘,H2 수용체 길항제,초콜렛,기타,caution,알 수 없음,알 수 없음,복용 중에는 피하십시오.,-,K-Pharm API (AI Processed)
니자드정(니자티딘),니자티딘,H2 수용체 길항제,튀긴 음식,기타,caution,알 수 없음,알 수 없음,복용 중에는 피하십시오.,-,K-Pharm API (AI Processed)
니자드정(니자티딘),니자티딘,H2 수용체 길항제,알코올,음료,warning,알 수 없음,알 수 없음,복용 중에는 음주하지 마십시오.,-,K-Pharm API (AI Processed)
광동탕에이액,Unknown,Unknown,알코올,알코올,danger,"알코올은 간 손상을 유발할 수 있으며, 이 약과 함께 복용 시 간 손상 위험이 증가합니다.",간 손상 위험 증가,복용 중에는 음주하지 마십시오.,-,K-Pharm API (AI Processed)
디판셉틱크림,Unknown,Unknown,NO_INTERACTION,NO_INTERACTION,no_interaction,NO_INTERACTION,NO_INTERACTION,NO_INTERACTION,-,K-Pharm API (AI Processed)
알피린장용정(아스피린)(수출용),아스피린,비스테로이드성 소염진통제,알코올,음료,warning,위장관 점막 손상 증가 및 출혈 시간 연장,"위장관 출혈 위험 증가, 출혈 시간 연장",알코올 섭취를 피하십시오.,-,K-Pharm API (AI Processed)
페인엔젤센연질캡슐(나프록센),나프록센,비스테로이드성 소염진통제,알코올,알코올,warning,위장 출혈 위험 증가,위장 출혈 가능성 증가,"매일 세 잔 이상 정기적으로 음주하는 경우, 이 약 복용 전 의사 또는 약사와 상의하십시오.",-,K-Pharm API (AI Processed)
비센큐정,알 수 없음,알 수 없음,우유,유제품,caution,알 수 없음,알 수 없음,우유 섭취 후 1시간 이내에는 복용을 피하십시오.,-,K-Pharm API (AI Processed)
휴비스트아스피린장용정,아스피린,비스테로이드성 소염진통제,알코올,음료,warning,위장관 점막 손상 증가 및 출혈 시간 연장,"위장관 출혈 위험 증가, 출혈 시간 연장",알코올 섭취를 피하십시오.,-,K-Pharm API (AI Processed)
아드레큐에이정,Unknown,Unknown,녹차,차,warning,탄닌 성분이 약물 흡수를 방해할 수 있습니다.,약효 감소,"복용 중, 복용 전후에는 피하십시오.",-,K-Pharm API (AI Processed)
아드레큐에이정,Unknown,Unknown,홍차,차,warning,탄닌 성분이 약물 흡수를 방해할 수 있습니다.,약효 감소,"복용 중, 복용 전후에는 피하십시오.",-,K-Pharm API (AI Processed)
알비코정,Unknown,Unknown,알코올,알코올,warning,알코올은 약물의 진정 효과를 증가시킬 수 있습니다.,"졸음 증가, 어지러움, 집중력 저하.",알비코정 복용 중에는 알코올 섭취를 피하십시오.,-,K-Pharm API (AI Processed)
앤디락생캡슐(바실루스리케니포르미스균),바실루스리케니포르미스균,프로바이오틱스,우유,유제품,caution,유아의 경우 캡슐 내용물을 소량의 물이나 우유에 타서 복용할 수 있습니다.,약물 복용 편의성을 높이기 위해 우유와 함께 복용할 수 있습니다.,"유아에게 투여 시, 캡슐 내용물을 우유에 타서 복용할 수 있습니다.",-,K-Pharm API (AI Processed)
로피딘캡슐(로페라미드염산염)(수출용),로페라미드염산염,지사제,없음,없음,no_interaction,없음,없음,없음,-,K-Pharm API (AI Processed)
아사프장용정100mg(아스피린),아스피린,비스테로이드성 소염진통제,알코올,음료,warning,위장관 점막 손상 증가 및 출혈 시간 연장,"위장관 출혈 위험 증가, 출혈 시간 연장",알코올과 함께 복용하지 마십시오.,-,K-Pharm API (AI Processed)
브록솔정(암브록솔염산염),암브록솔염산염,거담제,NO_INTERACTION,NO_INTERACTION,no_interaction,NO_INTERACTION,NO_INTERACTION,NO_INTERACTION,-,K-Pharm API (AI Processed)
메이킨큐장용정,Unknown,Unknown,우유,유제품,caution,정제의 흡수를 방해할 수 있습니다.,약효 감소,제산제 또는 우유 섭취 후 1시간 이내에 복용하지 마십시오.,-,K-Pharm API (AI Processed)
마그맥스연질캡슐,Unknown,Unknown,녹차,차,warning,탄닌 성분이 약물 흡수를 방해할 수 있습니다.,약효 감소,"복용 중, 복용 전후에는 녹차를 피하십시오.",-,K-Pharm API (AI Processed)
마그맥스연질캡슐,Unknown,Unknown,홍차,차,warning,탄닌 성분이 약물 흡수를 방해할 수 있습니다.,약효 감소,"복용 중, 복용 전후에는 홍차를 피하십시오.",-,K-Pharm API (AI Processed)
올나펜연질캡슐(나프록센),나프록센,비스테로이드성 소염진통제,알코올,알코올,caution,위장 출혈 위험 증가,위장 출혈 가능성 증가,"매일 세 잔 이상 정기적으로 음주하는 경우, 의사 또는 약사와 상의하십시오.",-,K-Pharm API (AI Processed)
맥스디1000연질캡슐,Unknown,Unknown,NO_INTERACTION,NO_INTERACTION,no_interaction,NO_INTERACTION,NO_INTERACTION,NO_INTERACTION,-,K-Pharm API (AI Processed)
토코탑연질캡슐,Unknown,Unknown,녹차,차,warning,탄닌 성분은 약물 흡수를 방해할 수 있습니다.,약물 효과 감소,"복용 중, 복용 전후에는 녹차를 피하십시오.",-,K-Pharm API (AI Processed)
토코탑연질캡슐,Unknown,Unknown,홍차,차,warning,탄닌 성분은 약물 흡수를 방해할 수 있습니다.,약물 효과 감소,"복용 중, 복용 전후에는 홍차를 피하십시오.",-,K-Pharm API (AI Processed)
한풍콜드액,Unknown,감기약,알코올,음료,danger,알코올은 한풍콜드액의 성분과 상호작용하여 부작용을 증가시킬 수 있습니다.,"간 손상 위험 증가, 졸음 증가",복용 중에는 음주하지 마십시오.,-,K-Pharm API (AI Processed)
한풍노즈액,Unknown,Unknown,알코올,알코올,warning,알코올은 약물의 효과를 증폭시키거나 부작용을 증가시킬 수 있습니다.,"간 손상 위험 증가, 졸음 증가",복용 중에는 음주하지 마십시오.,-,K-Pharm API (AI Processed)
디소론캡슐(디오스민),디오스민,혈관보호제,없음,없음,no_interaction,없음,없음,없음,-,K-Pharm API (AI Processed)
일동폴산정1밀리그램,Unknown,Unknown,NO_INTERACTION,NO_INTERACTION,no_interaction,NO_INTERACTION,NO_INTERACTION,NO_INTERACTION,-,K-Pharm API (AI Processed)
엑스콜콜드에프캡슐,Unknown,Unknown,알코올,알코올,danger,알코올은 엑스콜콜드에프캡슐의 부작용을 증가시키거나 간 손상을 악화시킬 수 있습니다.,"부작용 증가, 간 손상 위험 증가",복용 중에는 음주하지 마십시오.,-,K-Pharm API (AI Processed)
도미다프리미엄정,Unknown,Unknown,콩,콩류,danger,약물 성분에 대한 알레르기 반응,"알레르기 반응 (발진, 가려움, 부기 등)",복용 금지,-,K-Pharm API (AI Processed)
도미다프리미엄정,Unknown,Unknown,땅콩,견과류,danger,약물 성분에 대한 알레르기 반응,"알레르기 반응 (발진, 가려움, 부기 등)",복용 금지,-,K-Pharm API (AI Processed)
도미다프리미엄정,Unknown,Unknown,대두유,유지류,danger,약물 성분에 대한 알레르기 반응,"알레르기 반응 (발진, 가려움, 부기 등)",복용 금지,-,K-Pharm API (AI Processed)
비알이부펜시럽(이부프로펜),이부프로펜,비스테로이드성 소염진통제,알코올,알코올,caution,위장 출혈 위험 증가,위장 출혈 가능성 증가,"매일 세 잔 이상 정기적으로 음주하는 경우, 이 약 복용 전 의사 또는 약사와 상의하십시오.",-,K-Pharm API (AI Processed)
트레스오릭스포르테캡슐,Unknown,Unknown,알코올,알코올,warning,알코올은 중추신경억제 효과를 증가시킬 수 있습니다.,"과도한 진정, 졸음, 호흡 억제 등의 부작용이 발생할 수 있습니다.",이 약을 복용하는 동안 알코올 섭취를 피하십시오.,-,K-Pharm API (AI Processed)
싸이타민플러스정,Unknown,Unknown,녹차,차,warning,탄닌 성분이 약물 흡수를 방해할 수 있습니다.,약효 감소,"복용 중, 복용 전후에는 녹차를 피하십시오.",-,K-Pharm API (AI Processed)
싸이타민플러스정,Unknown,Unknown,홍차,차,warning,탄닌 성분이 약물 흡수를 방해할 수 있습니다.,약효 감소,"복용 중, 복용 전후에는 홍차를 피하십시오.",-,K-Pharm API (AI Processed)
비알덱시펜시럽(덱시부프로펜),덱시부프로펜,비스테로이드성 소염진통제,알코올,알코올,caution,알코올은 위장 출혈의 위험을 증가시킬 수 있습니다.,위장 출혈 위험 증가,"매일 세 잔 이상 정기적으로 음주하는 경우, 이 약 복용 전 의사 또는 약사와 상의하십시오.",-,K-Pharm API (AI Processed)
티지피파모티딘정10밀리그램,파모티딘,H2 수용체 길항제,알코올,음료,warning,알코올은 위 점막을 자극하고 위산 분비를 증가시켜 약물의 효과를 감소시킬 수 있습니다.,약물 효과 감소,복용 중에는 음주를 피하십시오.,-,K-Pharm API (AI Processed)
비알코에이시럽,Unknown,Unknown,알코올성 음료,알코올,warning,알코올과 병용 시 약물의 부작용을 증가시킬 수 있습니다.,"졸음, 어지러움, 또는 기타 부작용 증가.",알코올성 음료를 피하십시오.,-,K-Pharm API (AI Processed)
키즈앤펜시럽(이부프로펜),이부프로펜,비스테로이드성 소염진통제,알코올,음료,caution,위장 출혈 위험 증가,위장 출혈 가능성 증가,"매일 세 잔 이상 정기적으로 음주하는 경우, 이 약 복용 전 의사 또는 약사와 상의하십시오.",-,K-Pharm API (AI Processed)
목앤스프레이,Unknown,Unknown,알코올,알코올,caution,약물 사용 후 일정 시간 동안 호흡으로 알코올이 검출될 수 있음.,음주운전 판정 농도 이상의 알코올이 검출될 수 있음.,운전 중 사용을 피하십시오.,-,K-Pharm API (AI Processed)
디카맥스500/350정,Unknown,Unknown,녹차,차,warning,탄닌 성분이 약물 흡수를 방해할 수 있습니다.,약효 감소,"복용 중, 복용 전후에는 녹차를 피하십시오.",-,K-Pharm API (AI Processed)
디카맥스500/350정,Unknown,Unknown,홍차,차,warning,탄닌 성분이 약물 흡수를 방해할 수 있습니다.,약효 감소,"복용 중, 복용 전후에는 홍차를 피하십시오.",-,K-Pharm API (AI Processed)
아로나민실버프리미엄정,Unknown,Unknown,녹차,차,warning,탄닌 성분이 약물 흡수를 방해할 수 있습니다.,약효 감소,"녹차 복용 중, 복용 전후에는 피하십시오.",-,K-Pharm API (AI Processed)
아로나민실버프리미엄정,Unknown,Unknown,홍차,차,warning,탄닌 성분이 약물 흡수를 방해할 수 있습니다.,약효 감소,"홍차 복용 중, 복용 전후에는 피하십시오.",-,K-Pharm API (AI Processed)
다펜-큐연질캡슐(이부프로펜),이부프로펜,비스테로이드성 소염진통제,알코올,음료,caution,위장 출혈 위험 증가,위장 출혈 가능성 증가,"매일 세 잔 이상 정기적으로 음주하는 경우, 복용 전 의사 또는 약사와 상의하십시오.",-,K-Pharm API (AI Processed)
락시러스캡슐(바실루스리케니포르미스균),바실루스리케니포르미스균,프로바이오틱스,우유,유제품,caution,유아의 경우 캡슐 내용물을 우유에 타서 복용할 수 있습니다. (우유에 타서 복용 시),해당 없음,유아의 경우 캡슐 내용물을 우유에 타서 복용할 수 있습니다.,-,K-Pharm API (AI Processed)
비타콘틴600정,Unknown,Unknown,녹차,차,warning,탄닌 성분이 약물 흡수를 방해할 수 있습니다.,약물 효과 감소,"복용 중, 복용 전후에는 녹차를 피하십시오.",-,K-Pharm API (AI Processed)
비타콘틴600정,Unknown,Unknown,홍차,차,warning,탄닌 성분이 약물 흡수를 방해할 수 있습니다.,약물 효과 감소,"복용 중, 복용 전후에는 홍차를 피하십시오.",-,K-Pharm API (AI Processed)
바실리켄캡슐(바실루스리케니포르미스균),바실루스리케니포르미스균,프로바이오틱스,우유,유제품,caution,유아의 경우 캡슐 내용물을 우유에 타서 복용할 수 있습니다. (복용 방법),해당 없음,유아의 경우 캡슐 내용물을 우유에 타서 복용할 수 있습니다.,-,K-Pharm API (AI Processed)
한풍코프액,Unknown,Unknown,알코올,음료,danger,알코올은 약물의 부작용을 증가시키거나 간 손상을 악화시킬 수 있습니다.,"부작용 증가, 간 손상 위험 증가",복용 중에는 음주하지 마십시오.,-,K-Pharm API (AI Processed)
헤모포민큐캡슐,Unknown,Unknown,녹차,차,warning,탄닌 성분이 철분 흡수를 방해할 수 있습니다.,약효 감소,"복용 중, 복용 전후에는 피하십시오.",-,K-Pharm API (AI Processed)
헤모포민큐캡슐,Unknown,Unknown,홍차,차,warning,탄닌 성분이 철분 흡수를 방해할 수 있습니다.,약효 감소,"복용 중, 복용 전후에는 피하십시오.",-,K-Pharm API (AI Processed)
헤모포민큐캡슐,Unknown,Unknown,우유,유제품,warning,칼슘 성분이 철분 흡수를 방해할 수 있습니다.,약효 감소,"복용 중, 복용 전후에는 피하십시오.",-,K-Pharm API (AI Processed)
헤모포민큐캡슐,Unknown,Unknown,유제품,유제품,warning,칼슘 성분이 철분 흡수를 방해할 수 있습니다.,약효 감소,"복용 중, 복용 전후에는 피하십시오.",-,K-Pharm API (AI Processed)
헤모스민캡슐(디오스민),디오스민,혈관 보호제,없음,없음,no_interaction,없음,없음,없음,-,K-Pharm API (AI Processed)
캐롤디연질캡슐(덱시부프로펜),덱시부프로펜,비스테로이드성 소염진통제,알코올,음료,caution,위장 출혈 위험 증가,위장 출혈 가능성 증가,"매일 세 잔 이상 정기적으로 음주하는 경우, 의사 또는 약사와 상의하십시오.",-,K-Pharm API (AI Processed)
오프콜드연질캡슐(수출용),Unknown,감기약,알코올,음료,danger,알코올은 약물의 부작용을 증가시키고 간 손상을 악화시킬 수 있습니다.,"간 손상 위험 증가, 졸음 증가",복용 중에는 음주하지 마십시오.,-,K-Pharm API (AI Processed)
맥스타민프리미엄정,Unknown,Unknown,녹차,차,warning,탄닌 성분이 약물 흡수를 방해할 수 있습니다.,약효 감소,"복용 중, 복용 전후에는 녹차를 피하십시오.",-,K-Pharm API (AI Processed)
맥스타민프리미엄정,Unknown,Unknown,홍차,차,warning,탄닌 성분이 약물 흡수를 방해할 수 있습니다.,약효 감소,"복용 중, 복용 전후에는 홍차를 피하십시오.",-,K-Pharm API (AI Processed)
낙센연질캡슐(나프록센),나프록센,비스테로이드성 소염진통제,알코올,음료,caution,알코올은 위장 출혈의 위험을 증가시킬 수 있습니다.,위장 출혈 위험 증가,"매일 세 잔 이상 정기적으로 음주하는 경우, 이 약을 복용하기 전에 의사 또는 약사와 상의하십시오.",-,K-Pharm API (AI Processed)
울티클가글액0.12%(클로르헥시딘글루콘산염액),클로르헥시딘글루콘산염,구강 청결제,없음,없음,no_interaction,없음,없음,없음,-,K-Pharm API (AI Processed)
마그벤연질캡슐,Unknown,Unknown,녹차,차,warning,탄닌 성분이 약물 흡수를 방해할 수 있습니다.,약효 감소,"복용 중, 복용 전후에는 녹차를 피하십시오.",-,K-Pharm API (AI Processed)
마그벤연질캡슐,Unknown,Unknown,홍차,차,warning,탄닌 성분이 약물 흡수를 방해할 수 있습니다.,약효 감소,"복용 중, 복용 전후에는 홍차를 피하십시오.",-,K-Pharm API (AI Processed)
치감코프액,Unknown,Unknown,알코올,알코올,danger,"알코올은 간 손상을 유발할 수 있으며, 아세트아미노펜과 함께 복용 시 간 손상 위험을 증가시킬 수 있습니다.",간 손상 위험 증가,복용 중에는 음주하지 마십시오.,-,K-Pharm API (AI Processed)
알킬정(알벤다졸),알벤다졸,구충제,없음,없음,no_interaction,없음,없음,-,-,K-Pharm API (AI Processed)
큐앤큐헥시코올스틱스왑액,Unknown,Unknown,NO_INTERACTION,NO_INTERACTION,no_interaction,NO_INTERACTION,NO_INTERACTION,NO_INTERACTION,-,K-Pharm API (AI Processed)
비사큐정,Unknown,Unknown,우유,유제품,caution,제산제 또는 우유 섭취 후 1시간 이내에 복용 시 약물 흡수에 영향을 줄 수 있습니다.,약효 감소 가능성,우유 섭취 후 1시간 이후에 복용하십시오.,-,K-Pharm API (AI Processed)
비사큐정,Unknown,Unknown,제산제,Unknown,caution,제산제 또는 우유 섭취 후 1시간 이내에 복용 시 약물 흡수에 영향을 줄 수 있습니다.,약효 감소 가능성,제산제 섭취 후 1시간 이후에 복용하십시오.,-,K-Pharm API (AI Processed)
덱스트론정300밀리그램(덱시부프로펜),덱시부프로펜,비스테로이드성 소염진통제,알코올,음료,caution,위장 출혈 위험 증가,위장 출혈 가능성 증가,매일 세 잔 이상 정기적으로 음주하는 경우 의사 또는 약사와 상의하십시오.,-,K-Pharm API (AI Processed)
코리투살에스노즈연질캡슐,Unknown,Unknown,알코올,알코올,danger,알코올과 함께 복용 시 약물의 부작용을 증가시키거나 간 손상을 유발할 수 있습니다.,"부작용 증가, 간 손상",복용 중에는 음주하지 마십시오.,-,K-Pharm API (AI Processed)
코리투살에스코프연질캡슐,Unknown,Unknown,알코올,음료,danger,간 손상 위험 증가,간 손상 가능성 증가,복용 중에는 음주하지 마십시오.,-,K-Pharm API (AI Processed)
코리투살에스콜드연질캡슐,Unknown,Unknown,알코올,음료,danger,알코올은 약물의 부작용을 증가시키거나 간 손상을 악화시킬 수 있습니다.,"간 손상 위험 증가, 졸음 증가, 약물 효과 변화",복용 중에는 음주하지 마십시오.,-,K-Pharm API (AI Processed)
나리스타자일로점비액(자일로메타졸린염산염),자일로메타졸린염산염,비충혈제거제,알코올,알코올,warning,"자일로메타졸린은 혈관 수축 작용을 가지며, 알코올은 중추신경 억제 효과를 가질 수 있습니다. 병용 시 졸음, 어지러움, 집중력 저하 등의 부작용이 증가할 수 있습니다.","졸음, 어지러움, 집중력 저하 증가",약물 사용 중에는 음주를 피하십시오.,-,K-Pharm API (AI Processed)
뮤코로솔정(암브록솔염산염),암브록솔염산염,거담제,NO_INTERACTION,NO_INTERACTION,no_interaction,NO_INTERACTION,NO_INTERACTION,NO_INTERACTION,-,K-Pharm API (AI Processed)
브록솔정(암브록솔염산염),암브록솔염산염,거담제,NO_INTERACTION,NO_INTERACTION,no_interaction,NO_INTERACTION,NO_INTERACTION,NO_INTERACTION,-,K-Pharm API (AI Processed)
메이킨큐장용정,Unknown,Unknown,우유,유제품,caution,흡수 방해 가능성,약효 감소 가능성,제산제 또는 우유 섭취 후 1시간 이내에 복용하지 마십시오.,-,K-Pharm API (AI Processed)
마그맥스연질캡슐,Unknown,Unknown,녹차,차,warning,탄닌 성분은 약물 흡수를 방해할 수 있습니다.,약물 효과 감소,녹차 복용 전후에는 복용을 피하십시오.,-,K-Pharm API (AI Processed)
마그맥스연질캡슐,Unknown,Unknown,홍차,차,warning,탄닌 성분은 약물 흡수를 방해할 수 있습니다.,약물 효과 감소,홍차 복용 전후에는 복용을 피하십시오.,-,K-Pharm API (AI Processed)
올나펜연질캡슐(나프록센),나프록센,비스테로이드성 소염진통제,알코올,알코올,warning,위장 출혈 위험 증가,위장 출혈 가능성 증가,"매일 세 잔 이상 정기적으로 음주하는 경우, 의사 또는 약사와 상의하십시오.",-,K-Pharm API (AI Processed)
맥스디1000연질캡슐,Unknown,Unknown,NO_INTERACTION,NO_INTERACTION,no_interaction,NO_INTERACTION,NO_INTERACTION,NO_INTERACTION,-,K-Pharm API (AI Processed)
토코탑연질캡슐,Unknown,Unknown,녹차,차,warning,탄닌 성분은 약물 흡수를 방해할 수 있습니다.,약물 효과 감소,"녹차 복용 중, 복용 전후에는 피하십시오.",-,K-Pharm API (AI Processed)
토코탑연질캡슐,Unknown,Unknown,홍차,차,warning,탄닌 성분은 약물 흡수를 방해할 수 있습니다.,약물 효과 감소,"홍차 복용 중, 복용 전후에는 피하십시오.",-,K-Pharm API (AI Processed)
한풍콜드액,Unknown,감기약,알코올,알코올,danger,알코올은 약물의 부작용을 증가시킬 수 있습니다.,"간 손상 위험 증가, 졸음 증가",복용 중에는 음주하지 마십시오.,-,K-Pharm API (AI Processed)
한풍노즈액,Unknown,Unknown,알코올,알코올,warning,알코올은 약물의 효과를 증폭시키거나 부작용을 증가시킬 수 있습니다.,"간 손상 위험 증가, 졸음 증가",복용 중에는 음주하지 마십시오.,-,K-Pharm API (AI Processed)
비카린엠장용정,Unknown,Unknown,우유,유제품,caution,"정확한 기전은 명시되지 않았지만, 우유 섭취 후 1시간 이내에 복용하는 것을 피하도록 권고하고 있습니다.",약물 흡수 저해 가능성,우유 섭취 후 1시간 이후에 복용하십시오.,-,K-Pharm API (AI Processed)
토코토닉연질캡슐,Unknown,Unknown,녹차,차,warning,탄닌 성분은 약물의 흡수를 방해할 수 있습니다.,약효 감소,"복용 중, 복용 전후에는 녹차를 피하십시오.",-,K-Pharm API (AI Processed)
토코토닉연질캡슐,Unknown,Unknown,홍차,차,warning,탄닌 성분은 약물의 흡수를 방해할 수 있습니다.,약효 감소,"복용 중, 복용 전후에는 홍차를 피하십시오.",-,K-Pharm API (AI Processed)
마그엔지연질캡슐,Unknown,Unknown,녹차,차,warning,탄닌 성분은 약물의 흡수를 방해할 수 있습니다.,약효 감소,"복용 중, 복용 전후에는 녹차를 피하십시오.",-,K-Pharm API (AI Processed)
마그엔지연질캡슐,Unknown,Unknown,홍차,차,warning,탄닌 성분은 약물의 흡수를 방해할 수 있습니다.,약효 감소,"복용 중, 복용 전후에는 홍차를 피하십시오.",-,K-Pharm API (AI Processed)
덱시프렌드연질캡슐(덱시부프로펜),덱시부프로펜,비스테로이드성 소염진통제,알코올,음료,caution,위장 출혈 위험 증가,위장 출혈 가능성 증가,"매일 세 잔 이상 정기적으로 음주하는 경우, 복용 전 의사 또는 약사와 상의하십시오.",-,K-Pharm API (AI Processed)
엔프렌드연질캡슐(나프록센),나프록센,비스테로이드성 소염진통제,알코올,음료,caution,매일 세 잔 이상 정기적으로 음주하는 사람이 이 약을 복용하면 위장 출혈의 위험이 증가할 수 있습니다.,위장 출혈 위험 증가,"매일 세 잔 이상 정기적으로 음주하는 경우, 이 약 복용 전 의사 또는 약사와 상의하십시오.",-,K-Pharm API (AI Processed)
메가바이정,Unknown,Unknown,녹차,차,warning,탄닌 성분은 약물 흡수를 방해할 수 있습니다.,약물 효과 감소,"복용 중, 복용 전후에는 녹차를 피하십시오.",-,K-Pharm API (AI Processed)
메가바이정,Unknown,Unknown,홍차,차,warning,탄닌 성분은 약물 흡수를 방해할 수 있습니다.,약물 효과 감소,"복용 중, 복용 전후에는 홍차를 피하십시오.",-,K-Pharm API (AI Processed)
뉴로셀텍정,Unknown,Unknown,녹차,차,warning,탄닌 성분이 약물 흡수를 방해할 수 있습니다.,약효 감소,"복용 중, 복용 전후에는 녹차를 피하십시오.",-,K-Pharm API (AI Processed)
뉴로셀텍정,Unknown,Unknown,홍차,차,warning,탄닌 성분이 약물 흡수를 방해할 수 있습니다.,약효 감소,"복용 중, 복용 전후에는 홍차를 피하십시오.",-,K-Pharm API (AI Processed)
디소론캡슐(디오스민),디오스민,혈관보호제,없음,없음,no_interaction,없음,없음,없음,-,K-Pharm API (AI Processed)
엑스콜콜드에프캡슐,Unknown,Unknown,알코올,알코올,danger,알코올은 엑스콜콜드에프캡슐의 부작용을 악화시키거나 간 손상의 위험을 증가시킬 수 있습니다.,"간 손상 위험 증가, 졸음 증가",복용 중에는 음주하지 마십시오.,-,K-Pharm API (AI Processed)
도미다프리미엄정,Unknown,Unknown,콩,콩류,danger,약물 성분에 대한 과민 반응,알레르기 반응,복용하지 마십시오.,-,K-Pharm API (AI Processed)
도미다프리미엄정,Unknown,Unknown,땅콩,견과류,danger,약물 성분에 대한 과민 반응,알레르기 반응,복용하지 마십시오.,-,K-Pharm API (AI Processed)
도미다프리미엄정,Unknown,Unknown,대두유,유지류,danger,약물 성분에 대한 과민 반응,알레르기 반응,복용하지 마십시오.,-,K-Pharm API (AI Processed)
비알이부펜시럽(이부프로펜),이부프로펜,비스테로이드성 소염진통제,알코올,알코올,caution,위장 출혈 위험 증가,위장 출혈 가능성 증가,"매일 세 잔 이상 정기적으로 음주하는 경우, 이 약 또는 다른 해열진통제 복용 전 의사 또는 약사와 상의하십시오.",-,K-Pharm API (AI Processed)
트레스오릭스포르테캡슐,Unknown,Unknown,알코올,알코올,danger,알코올은 중추신경억제 효과를 증가시킬 수 있습니다.,"과도한 진정, 졸음, 호흡 억제.",알코올 섭취를 피하십시오.,-,K-Pharm API (AI Processed)
싸이타민플러스정,Unknown,Unknown,녹차,차,warning,탄닌 성분이 약물 흡수를 방해할 수 있습니다.,약효 감소,"복용 중, 복용 전후에는 녹차를 피하십시오.",-,K-Pharm API (AI Processed)
싸이타민플러스정,Unknown,Unknown,홍차,차,warning,탄닌 성분이 약물 흡수를 방해할 수 있습니다.,약효 감소,"복용 중, 복용 전후에는 홍차를 피하십시오.",-,K-Pharm API (AI Processed)
비알덱시펜시럽(덱시부프로펜),덱시부프로펜,비스테로이드성 소염진통제,알코올,알코올,caution,알코올은 위장 출혈의 위험을 증가시킬 수 있습니다.,위장 출혈 위험 증가,"매일 세 잔 이상 정기적으로 음주하는 경우, 이 약 복용 전 의사 또는 약사와 상의하십시오.",-,K-Pharm API (AI Processed)
콜대원콜드시럽,Unknown,Unknown,알코올,음료,warning,아세트아미노펜과 알코올의 병용은 간 손상의 위험을 증가시킬 수 있습니다.,간 손상 위험 증가,복용 중에는 음주하지 마십시오.,-,K-Pharm API (AI Processed)
파워비타비백정,Unknown,Unknown,녹차,차,warning,탄닌 성분은 약물의 흡수를 방해할 수 있습니다.,약효 감소,"복용 중, 복용 전후에는 녹차를 피하십시오.",-,K-Pharm API (AI Processed)
파워비타비백정,Unknown,Unknown,홍차,차,warning,탄닌 성분은 약물의 흡수를 방해할 수 있습니다.,약효 감소,"복용 중, 복용 전후에는 홍차를 피하십시오.",-,K-Pharm API (AI Processed)
메가골드비타정,Unknown,Unknown,녹차,차,warning,탄닌 성분이 약물 흡수를 방해할 수 있습니다.,약효 감소,"복용 중, 복용 전후에는 녹차를 피하십시오.",-,K-Pharm API (AI Processed)
메가골드비타정,Unknown,Unknown,홍차,차,warning,탄닌 성분이 약물 흡수를 방해할 수 있습니다.,약효 감소,"복용 중, 복용 전후에는 홍차를 피하십시오.",-,K-Pharm API (AI Processed)
비타허브정,Unknown,Unknown,녹차,차,warning,탄닌 성분이 약물 흡수를 방해할 수 있습니다.,약효 감소,"복용 중, 복용 전후에는 녹차를 피하십시오.",-,K-Pharm API (AI Processed)
비타허브정,Unknown,Unknown,홍차,차,warning,탄닌 성분이 약물 흡수를 방해할 수 있습니다.,약효 감소,"복용 중, 복용 전후에는 홍차를 피하십시오.",-,K-Pharm API (AI Processed)
타세놀정500밀리그램(아세트아미노펜),아세트아미노펜,해열진통제,알코올,음료,danger,아세트아미노펜과 알코올은 간 손상의 위험을 증가시킵니다.,간 손상 위험 증가,알코올 섭취를 피하십시오.,-,K-Pharm API (AI Processed)
브레노즈연질캡슐,Unknown,Unknown,알코올,음료,danger,알코올은 브레노즈연질캡슐의 부작용을 증가시키거나 간 손상을 악화시킬 수 있습니다.,"간 손상 위험 증가, 졸음 증가",복용 중에는 음주하지 마십시오.,-,K-Pharm API (AI Processed)
임팩타민파워에이플러스정,Unknown,Unknown,녹차,차,warning,탄닌 성분은 비타민 흡수를 방해할 수 있습니다.,약물 효과 감소,"복용 중, 복용 전후에는 녹차를 피하십시오.",-,K-Pharm API (AI Processed)
임팩타민파워에이플러스정,Unknown,Unknown,홍차,차,warning,탄닌 성분은 비타민 흡수를 방해할 수 있습니다.,약물 효과 감소,"복용 중, 복용 전후에는 홍차를 피하십시오.",-,K-Pharm API (AI Processed)
티지피파모티딘정10밀리그램,파모티딘,H2 수용체 길항제,알코올,음료,warning,알코올은 위 점막을 자극하고 위산 분비를 증가시켜 약물의 효과를 감소시킬 수 있습니다.,약효 감소,복용 중에는 음주를 피하십시오.,-,K-Pharm API (AI Processed)
비알코에이시럽,Unknown,Unknown,알코올성 음료,알코올,warning,알코올은 이 약의 부작용을 악화시킬 수 있습니다.,"졸음, 어지러움, 또는 기타 부작용 증가.",알코올성 음료를 피하십시오.,-,K-Pharm API (AI Processed)
키즈앤펜시럽(이부프로펜),이부프로펜,비스테로이드성 소염진통제,알코올,음료,caution,알코올은 위장 출혈의 위험을 증가시킬 수 있습니다.,위장 출혈 위험 증가,"매일 세 잔 이상 정기적으로 음주하는 경우, 이 약 또는 다른 해열진통제 복용 전에 의사 또는 약사와 상의하십시오.",-,K-Pharm API (AI Processed)
목앤스프레이,Unknown,Unknown,알코올,알코올,caution,약물 사용 후 일정 시간 동안 호흡으로 알코올이 검출될 수 있음.,음주운전 판정 농도 이상의 알코올이 검출될 수 있음.,운전 중 사용을 피하십시오.,-,K-Pharm API (AI Processed)
디카맥스500/350정,Unknown,Unknown,녹차,차,warning,탄닌 성분이 약물 흡수를 방해할 수 있습니다.,약효 감소,"복용 중, 복용 전후에는 녹차를 피하십시오.",-,K-Pharm API (AI Processed)
디카맥스500/350정,Unknown,Unknown,홍차,차,warning,탄닌 성분이 약물 흡수를 방해할 수 있습니다.,약효 감소,"복용 중, 복용 전후에는 홍차를 피하십시오.",-,K-Pharm API (AI Processed)
아로나민실버프리미엄정,Unknown,Unknown,녹차,차,warning,탄닌 성분은 약물 흡수를 방해할 수 있습니다.,약물 효과 감소,"녹차 복용 중, 복용 전후에는 피하십시오.",-,K-Pharm API (AI Processed)
아로나민실버프리미엄정,Unknown,Unknown,홍차,차,warning,탄닌 성분은 약물 흡수를 방해할 수 있습니다.,약물 효과 감소,"홍차 복용 중, 복용 전후에는 피하십시오.",-,K-Pharm API (AI Processed)
다펜-큐연질캡슐(이부프로펜),이부프로펜,비스테로이드성 소염진통제,알코올,음료,caution,위장 출혈 위험 증가,위장 출혈 가능성 증가,"매일 세 잔 이상 정기적으로 음주하는 경우, 의사 또는 약사와 상의하십시오.",-,K-Pharm API (AI Processed)
락시러스캡슐(바실루스리케니포르미스균),바실루스리케니포르미스균,프로바이오틱스,우유,유제품,caution,유아의 경우 캡슐 내용물을 우유에 타서 복용할 수 있습니다. (우유에 타서 복용 시),해당 없음,유아의 경우 캡슐 내용물을 우유에 타서 복용할 수 있습니다.,-,K-Pharm API (AI Processed)
비타콘틴600정,Unknown,Unknown,녹차,차,warning,탄닌 성분이 약물 흡수를 방해할 수 있습니다.,약물 효과 감소,"복용 중, 복용 전후에는 녹차를 피하십시오.",-,K-Pharm API (AI Processed)
비타콘틴600정,Unknown,Unknown,홍차,차,warning,탄닌 성분이 약물 흡수를 방해할 수 있습니다.,약물 효과 감소,"복용 중, 복용 전후에는 홍차를 피하십시오.",-,K-Pharm API (AI Processed)
바실리켄캡슐(바실루스리케니포르미스균),바실루스리케니포르미스균,프로바이오틱스,우유,유제품,caution,유아의 경우 캡슐 내용물을 우유에 타서 복용할 수 있습니다.,해당 없음,유아의 경우 캡슐 내용물을 우유에 타서 복용할 수 있습니다.,-,K-Pharm API (AI Processed)
한풍코프액,Unknown,Unknown,알코올,음료,danger,알코올은 약물의 부작용을 증가시키거나 간 손상을 악화시킬 수 있습니다.,"부작용 증가, 간 손상 위험 증가",복용 중에는 음주하지 마십시오.,-,K-Pharm API (AI Processed)
헤모포민큐캡슐,Unknown,Unknown,녹차,차,warning,탄닌 성분이 철분 흡수를 방해할 수 있습니다.,약효 감소,"복용 중, 복용 전후에는 피하십시오.",-,K-Pharm API (AI Processed)
헤모포민큐캡슐,Unknown,Unknown,홍차,차,warning,탄닌 성분이 철분 흡수를 방해할 수 있습니다.,약효 감소,"복용 중, 복용 전후에는 피하십시오.",-,K-Pharm API (AI Processed)
헤모포민큐캡슐,Unknown,Unknown,우유,유제품,warning,칼슘 성분이 철분 흡수를 방해할 수 있습니다.,약효 감소,"복용 중, 복용 전후에는 피하십시오.",-,K-Pharm API (AI Processed)
헤모포민큐캡슐,Unknown,Unknown,유제품,유제품,warning,칼슘 성분이 철분 흡수를 방해할 수 있습니다.,약효 감소,"복용 중, 복용 전후에는 피하십시오.",-,K-Pharm API (AI Processed)
헤모스민캡슐(디오스민),디오스민,혈관 보호제,없음,없음,no_interaction,없음,없음,없음,-,K-Pharm API (AI Processed)
캐롤디연질캡슐(덱시부프로펜),덱시부프로펜,비스테로이드성 소염진통제,알코올,음료,caution,위장 출혈 위험 증가,위장 출혈 가능성 증가,"매일 세 잔 이상 정기적으로 음주하는 경우, 의사 또는 약사와 상의하십시오.",-,K-Pharm API (AI Processed)
키즈애드츄어블정,Unknown,Unknown,녹차,차,warning,탄닌 성분이 약물 흡수를 방해할 수 있습니다.,약효 감소,"복용 중, 복용 전후에는 피하십시오.",-,K-Pharm API (AI Processed)
키즈애드츄어블정,Unknown,Unknown,홍차,차,warning,탄닌 성분이 약물 흡수를 방해할 수 있습니다.,약효 감소,"복용 중, 복용 전후에는 피하십시오.",-,K-Pharm API (AI Processed)
그린헥시디놀액2%,Unknown,Unknown,NO_INTERACTION,NO_INTERACTION,no_interaction,NO_INTERACTION,NO_INTERACTION,NO_INTERACTION,-,K-Pharm API (AI Processed)
코앤쿨나잘스프레이,Unknown,Unknown,알코올,음료,warning,알코올은 약물의 부작용을 악화시킬 수 있습니다.,"졸음 증가, 어지러움, 기타 부작용 증가",약물 사용 중에는 음주를 피하십시오.,-,K-Pharm API (AI Processed)
비오루스캡슐(바실루스리케니포르미스균),바실루스리케니포르미스균,프로바이오틱스,우유,유제품,caution,유아의 경우 캡슐 내용물을 우유에 타서 복용할 수 있습니다.,약물 복용 편의성,유아의 경우 캡슐 내용물을 우유에 타서 복용할 수 있습니다.,-,K-Pharm API (AI Processed)
비오켄캡슐(바실루스리케니포르미스균),바실루스리케니포르미스균,프로바이오틱스,우유,유제품,caution,유아의 경우 캡슐 내용물을 소량의 우유에 타서 복용할 수 있습니다.,약물 복용 편의성,유아의 경우 우유에 타서 복용 가능,-,K-Pharm API (AI Processed)
바시판포르미캡슐(바실루스리케니포르미스균),바실루스리케니포르미스균,프로바이오틱스,우유,유제품,caution,유아의 경우 캡슐 내용물을 소량의 물이나 우유에 타서 복용할 수 있습니다. 유당 불내성 환자에게는 주의가 필요합니다.,"유당 불내성 환자에게 소화 불량, 복통 등의 증상이 나타날 수 있습니다.","유당 불내성이 있는 경우, 우유 섭취에 주의하고, 증상이 나타나면 의사 또는 약사와 상의하십시오.",물,K-Pharm API (AI Processed)
맥페롤에프연질캡슐,Unknown,Unknown,녹차,차,warning,탄닌 성분은 약물 흡수를 방해할 수 있습니다.,약물 효과 감소,"복용 중, 복용 전후에는 녹차를 피하십시오.",-,K-Pharm API (AI Processed)
맥페롤에프연질캡슐,Unknown,Unknown,홍차,차,warning,탄닌 성분은 약물 흡수를 방해할 수 있습니다.,약물 효과 감소,"복용 중, 복용 전후에는 홍차를 피하십시오.",-,K-Pharm API (AI Processed)
모아타민골드비백정,Unknown,Unknown,녹차,차,warning,탄닌 성분이 약물 흡수를 방해할 수 있습니다.,약효 감소,"복용 중, 복용 전후에는 녹차를 피하십시오.",-,K-Pharm API (AI Processed)
모아타민골드비백정,Unknown,Unknown,홍차,차,warning,탄닌 성분이 약물 흡수를 방해할 수 있습니다.,약효 감소,"복용 중, 복용 전후에는 홍차를 피하십시오.",-,K-Pharm API (AI Processed)
아이란정75밀리그램(라니티딘염산염),라니티딘염산염,H2 수용체 길항제,알코올,알코올,warning,알코올과 함께 복용 시 위장 자극 및 부작용 위험 증가.,"위장 자극, 부작용 증가.",알코올이 함유된 음료와 함께 복용하지 마십시오.,-,K-Pharm API (AI Processed)
메가트루액티브정,Unknown,Unknown,녹차,차,warning,탄닌 성분이 약물 흡수를 방해할 수 있습니다.,약효 감소,"복용 중, 복용 전후에는 녹차를 피하십시오.",-,K-Pharm API (AI Processed)
메가트루액티브정,Unknown,Unknown,홍차,차,warning,탄닌 성분이 약물 흡수를 방해할 수 있습니다.,약효 감소,"복용 중, 복용 전후에는 홍차를 피하십시오.",-,K-Pharm API (AI Processed)
세다큐콜드연질캡슐,Unknown,Unknown,알코올,알코올,danger,세다큐콜드연질캡슐과 알코올의 병용은 간 손상의 위험을 증가시킬 수 있습니다.,간 손상 위험 증가,세다큐콜드연질캡슐 복용 중에는 음주를 피하십시오.,-,K-Pharm API (AI Processed)
마로겔정500밀리그람(수산화마그네슘),수산화마그네슘,제산제/변비약,우유,유제품,warning,수산화마그네슘과 칼슘의 상호작용으로 우유 알칼리 증후군을 유발할 수 있음.,"고칼슘혈증, 고질소혈증, 알칼리증 등",의사 또는 약사와 상의하십시오.,-,K-Pharm API (AI Processed)
마로겔정500밀리그람(수산화마그네슘),수산화마그네슘,제산제/변비약,칼슘제제,영양 보충제,warning,수산화마그네슘과 칼슘의 상호작용으로 우유 알칼리 증후군을 유발할 수 있음.,"고칼슘혈증, 고질소혈증, 알칼리증 등",의사 또는 약사와 상의하십시오.,-,K-Pharm API (AI Processed)
솔루샷코프연질캡슐,Unknown,Unknown,알코올,알코올,danger,간 손상 위험 증가,간 손상,복용 중에는 음주하지 마십시오.,-,K-Pharm API (AI Processed)
솔루샷쿨연질캡슐,Unknown,Unknown,알코올,알코올,danger,알코올은 간 손상을 증가시키고 약물의 부작용을 악화시킬 수 있습니다.,"간 손상 위험 증가, 졸음 증가, 약물 효과 변화",복용 중에는 음주하지 마십시오.,-,K-Pharm API (AI Processed)
일성아세트아미노펜정325밀리그램,아세트아미노펜,해열진통제,알코올,음료,danger,"알코올은 간 손상을 유발할 수 있으며, 아세트아미노펜과 함께 복용 시 간 손상 위험을 증가시킵니다.",간 손상 위험 증가,알코올 섭취를 피하십시오.,-,K-Pharm API (AI Processed)
일펜정(이부프로펜리신),이부프로펜,비스테로이드성 소염진통제,알코올,알코올,caution,위장관 자극 및 출혈 위험 증가,위장 출혈 위험 증가,알코올 섭취 시 주의하십시오.,-,K-Pharm API (AI Processed)
대화산화마그네슘정,Unknown,Unknown,우유,유제품,caution,흡수 감소 가능성,약효 감소 가능성,의사 또는 약사와 상의하십시오.,-,K-Pharm API (AI Processed)
대화산화마그네슘정,Unknown,Unknown,칼슘제제,영양 보충제,caution,흡수 감소 가능성,약효 감소 가능성,의사 또는 약사와 상의하십시오.,-,K-Pharm API (AI Processed)
원알파정(알파칼시돌),알파칼시돌,비타민 D 유도체,칼슘 섭취,식이,caution,칼슘 섭취에 대한 지시를 준수해야 합니다.,알 수 없음,식이 또는 보급제로서 칼슘 섭취에 대한 지시를 따르십시오.,-,K-Pharm API (AI Processed)
콜드펜코프연질캡슐,Unknown,감기약,알코올,음료,danger,"알코올은 간 손상을 유발할 수 있으며, 콜드펜코프연질캡슐의 아세트아미노펜 성분 또한 간 손상의 위험을 증가시킬 수 있습니다.",간 손상 위험 증가,복용 중에는 음주를 피하십시오.,-,K-Pharm API (AI Processed)
콜드펜연질캡슐,Unknown,Unknown,알코올,알코올,warning,간 손상 위험 증가,간 손상 가능성 증가,복용 중 음주를 피하십시오.,-,K-Pharm API (AI Processed)
콜드펜노즈연질캡슐,Unknown,Unknown,알코올,음료,경고,"알코올은 간 손상을 유발할 수 있으며, 콜드펜노즈연질캡슐의 아세트아미노펜 성분과 함께 복용 시 간 손상 위험을 증가시킬 수 있습니다.",간 손상 위험 증가,복용 중에는 음주하지 마십시오.,-,K-Pharm API (AI Processed)
덱시디펜시럽(덱시부프로펜),덱시부프로펜,비스테로이드성 소염진통제,알코올,알코올,warning,위장 출혈 위험 증가,위장 출혈 위험 증가,"매일 세 잔 이상 정기적으로 음주하는 경우, 이 약 복용 전 의사 또는 약사와 상의하십시오.",-,K-Pharm API (AI Processed)
엑스코프디시럽,Unknown,Unknown,알코올,알코올,warning,알코올은 엑스코프디시럽의 진정 효과를 증가시킬 수 있습니다.,"과도한 졸음, 어지러움, 호흡 억제.",엑스코프디시럽 복용 중에는 알코올 섭취를 피하십시오.,-,K-Pharm API (AI Processed)
타세놀8시간이알서방정325밀리그램(아세트아미노펜),아세트아미노펜,해열진통제,알코올,알코올,warning,아세트아미노펜과 알코올의 병용은 간 손상의 위험을 증가시킬 수 있습니다.,간 손상 위험 증가,매일 세 잔 이상 정기적으로 음주하는 사람은 이 약을 복용하기 전에 의사 또는 약사와 상의하십시오.,-,K-Pharm API (AI Processed)
락스타캡슐(락토바실루스카제이변종람노수스의동결건조배양물),락토바실루스카제이변종람노수스,프로바이오틱스,생 음식,생 음식,warning,알 수 없음,알 수 없음,섭취를 피하십시오.,-,K-Pharm API (AI Processed)
락스타캡슐(락토바실루스카제이변종람노수스의동결건조배양물),락토바실루스카제이변종람노수스,프로바이오틱스,과일,과일,warning,알 수 없음,알 수 없음,섭취를 피하십시오.,-,K-Pharm API (AI Processed)
락스타캡슐(락토바실루스카제이변종람노수스의동결건조배양물),락토바실루스카제이변종람노수스,프로바이오틱스,야채,야채,warning,알 수 없음,알 수 없음,섭취를 피하십시오.,-,K-Pharm API (AI Processed)
락스타캡슐(락토바실루스카제이변종람노수스의동결건조배양물),락토바실루스카제이변종람노수스,프로바이오틱스,매운 음식,매운 음식,warning,알 수 없음,알 수 없음,섭취를 피하십시오.,-,K-Pharm API (AI Processed)
락스타캡슐(락토바실루스카제이변종람노수스의동결건조배양물),락토바실루스카제이변종람노수스,프로바이오틱스,냉동된 음식 또는 음료,냉동 음식/음료,warning,알 수 없음,알 수 없음,섭취를 피하십시오.,-,K-Pharm API (AI Processed)
벤포벨브이정,Unknown,Unknown,녹차,차,warning,탄닌 성분이 약물 흡수를 방해할 수 있습니다.,약효 감소,"복용 중, 복용 전후에는 녹차를 피하십시오.",-,K-Pharm API (AI Processed)
벤포벨브이정,Unknown,Unknown,홍차,차,warning,탄닌 성분이 약물 흡수를 방해할 수 있습니다.,약효 감소,"복용 중, 복용 전후에는 홍차를 피하십시오.",-,K-Pharm API (AI Processed)
모아비액티브정,Unknown,Unknown,녹차,차,warning,탄닌 성분이 약물 흡수를 방해할 수 있습니다.,약효 감소,"복용 중, 복용 전후에는 녹차를 피하십시오.",-,K-Pharm API (AI Processed)
모아비액티브정,Unknown,Unknown,홍차,차,warning,탄닌 성분이 약물 흡수를 방해할 수 있습니다.,약효 감소,"복용 중, 복용 전후에는 홍차를 피하십시오.",-,K-Pharm API (AI Processed)
에코파워600정,Unknown,Unknown,녹차,차,warning,탄닌 성분이 약물 흡수를 방해할 수 있습니다.,약효 감소,"복용 중, 복용 전후에는 녹차를 피하십시오.",-,K-Pharm API (AI Processed)
에코파워600정,Unknown,Unknown,홍차,차,warning,탄닌 성분이 약물 흡수를 방해할 수 있습니다.,약효 감소,"복용 중, 복용 전후에는 홍차를 피하십시오.",-,K-Pharm API (AI Processed)
아스팜장용정(아스피린),아스피린,비스테로이드성 소염진통제,알코올,음료,warning,위장관 점막 손상 증가 및 출혈 시간 연장,"위장관 출혈 위험 증가, 출혈 시간 연장",알코올 섭취를 피하십시오.,-,K-Pharm API (AI Processed)
치아로겔(히알루론산나트륨),히알루론산나트륨,구강 점막 치료제,NO_INTERACTION,NO_INTERACTION,no_interaction,NO_INTERACTION,NO_INTERACTION,NO_INTERACTION,-,K-Pharm API (AI Processed)
하디콜에스연질캡슐,Unknown,Unknown,알코올,알코올,danger,알코올과 함께 복용 시 약물의 부작용을 증가시키거나 간 손상을 유발할 수 있습니다.,"간 손상, 부작용 증가",복용 중에는 음주하지 마십시오.,-,K-Pharm API (AI Processed)
뉴믹스탈삼중정,Unknown,Unknown,NO_INTERACTION,NO_INTERACTION,no_interaction,NO_INTERACTION,NO_INTERACTION,NO_INTERACTION,-,K-Pharm API (AI Processed)
슬라드린정,아세트아미노펜,해열진통제,알코올,음료,danger,알코올은 아세트아미노펜의 간 독성을 증가시킬 수 있습니다.,간 손상 위험 증가,복용 중에는 음주하지 마십시오.,-,K-Pharm API (AI Processed)
펜실연질캡슐,아세트아미노펜,해열진통제,알코올,음료,warning,알코올은 아세트아미노펜의 간 독성을 증가시킬 수 있습니다.,간 손상 위험 증가,복용 중에는 음주하지 마십시오.,-,K-Pharm API (AI Processed)
본스칼엠정,Unknown,Unknown,녹차,차,warning,탄닌 성분이 약물 흡수를 방해할 수 있습니다.,약물 효과 감소,"복용 중, 복용 전후에는 녹차를 피하십시오.",-,K-Pharm API (AI Processed)
본스칼엠정,Unknown,Unknown,홍차,차,warning,탄닌 성분이 약물 흡수를 방해할 수 있습니다.,약물 효과 감소,"복용 중, 복용 전후에는 홍차를 피하십시오.",-,K-Pharm API (AI Processed)
이브원큐에스연질캡슐(이부프로펜),이부프로펜,비스테로이드성 소염진통제(NSAIDs),알코올,알코올,caution,위장 출혈 위험 증가,위장 출혈 가능성 증가,"매일 세 잔 이상 정기적으로 음주하는 경우, 이 약 복용 전 의사 또는 약사와 상의하십시오.",-,K-Pharm API (AI Processed)
이브원큐에스연질캡슐(이부프로펜),이부프로펜,비스테로이드성 소염진통제(NSAIDs),공복,식사,caution,위장 자극,위장 장애 가능성 증가,"만 12세 이상 청소년의 경우, 체중이 30kg 미만일 때 공복 시 투여는 피하는 것이 바람직합니다.",식사,K-Pharm API (AI Processed)
베아파모정10밀리그램(파모티딘),파모티딘,H2 수용체 길항제,알코올,알코올,warning,알코올과 함께 복용 시 위장 자극 및 약물 효과 변화 가능성.,"위장 자극, 약물 효과 감소 또는 증가.",알코올이 함유된 음료와 함께 복용하지 마십시오.,-,K-Pharm API (AI Processed)
파워비큐액,Unknown,Unknown,녹차,차,warning,탄닌 성분이 약물 흡수를 방해할 수 있습니다.,약효 감소,"복용 중, 복용 전후에는 녹차를 피하십시오.",-,K-Pharm API (AI Processed)
파워비큐액,Unknown,Unknown,홍차,차,warning,탄닌 성분이 약물 흡수를 방해할 수 있습니다.,약효 감소,"복용 중, 복용 전후에는 홍차를 피하십시오.",-,K-Pharm API (AI Processed)
브로나인장용정(브로멜라인),브로멜라인,단백질 분해 효소,음식,일반,caution,약물 흡수를 최적화하기 위해 식사 30분 전에 복용하도록 권장합니다.,음식과 함께 복용하면 약물 흡수가 감소할 수 있습니다.,식사 30분 전에 물과 함께 복용하십시오.,-,K-Pharm API (AI Processed)
파모큐정(파모티딘),파모티딘,H2 수용체 길항제,알코올,알코올,warning,알코올은 위 점막을 자극하여 위장 장애를 악화시킬 수 있습니다. 파모티딘의 효과를 감소시킬 수 있습니다.,"위장 장애 악화, 파모티딘 효과 감소",복용 중에는 음주를 피하십시오.,-,K-Pharm API (AI Processed)
본스칼엠정,Unknown,Unknown,녹차,차,warning,탄닌 성분이 약물 흡수를 방해할 수 있습니다.,약물 효과 감소,"복용 중, 복용 전후에는 녹차를 피하십시오.",-,K-Pharm API (AI Processed)
본스칼엠정,Unknown,Unknown,홍차,차,warning,탄닌 성분이 약물 흡수를 방해할 수 있습니다.,약물 효과 감소,"복용 중, 복용 전후에는 홍차를 피하십시오.",-,K-Pharm API (AI Processed)
페인엔젤키즈시럽(덱시부프로펜),덱시부프로펜,비스테로이드성 소염진통제,알코올,알코올,caution,위장 출혈 위험 증가,위장 출혈 위험 증가,"매일 세 잔 이상 정기적으로 음주하는 경우, 이 약 복용 전 의사 또는 약사와 상의하십시오.",-,K-Pharm API (AI Processed)
나노디오정600밀리그램(디오스민),디오스민,정맥 부전 치료제/치질 치료제,식사,일반 음식,caution,약물 흡수를 돕기 위해 식사와 함께 복용하도록 권장,약물 효과 증진,치질 치료 시 식사 시에 복용,-,K-Pharm API (AI Processed)
타이몰8시간이알서방정650밀리그램(아세트아미노펜),아세트아미노펜,해열진통제,알코올,알코올,danger,알코올은 아세트아미노펜의 간 독성을 증가시킬 수 있습니다.,간 손상 위험 증가,이 약을 복용하는 동안 알코올 섭취를 피하십시오.,-,K-Pharm API (AI Processed)
요를레이트로키,Unknown,Unknown,알코올,음료,warning,알코올은 약물의 부작용을 증가시킬 수 있습니다.,"졸음, 어지러움, 위장 장애 등 부작용 증가.",복용 중에는 음주를 피하십시오.,-,K-Pharm API (AI Processed)
타이로펜연질캡슐(아세트아미노펜),아세트아미노펜,해열진통제,알코올,음료,warning,아세트아미노펜과 알코올의 병용은 간 손상의 위험을 증가시킵니다.,간 손상 위험 증가,매일 세 잔 이상 정기적으로 음주하는 사람은 이 약을 복용하기 전에 의사 또는 약사와 상의하십시오.,-,K-Pharm API (AI Processed)
플랜라인정45밀리그램(브로멜라인),브로멜라인,단백질 분해 효소,없음,없음,no_interaction,없음,없음,-,-,K-Pharm API (AI Processed)
브로라제장용정(브로멜라인),브로멜라인,단백질 분해 효소,없음,없음,no_interaction,없음,없음,없음,-,K-Pharm API (AI Processed)
덱스원큐에스연질캡슐(덱시부프로펜),덱시부프로펜,비스테로이드성 소염진통제,알코올,알코올,caution,위장 출혈 위험 증가,위장 출혈 가능성 증가,"매일 세 잔 이상 정기적으로 음주하는 경우, 복용 전 의사 또는 약사와 상의하십시오.",-,K-Pharm API (AI Processed)
치치렌정(디오스민),디오스민,정맥부전 치료제,없음,없음,no_interaction,없음,없음,없음,-,K-Pharm API (AI Processed)
나프원큐에스연질캡슐(나프록센),나프록센,비스테로이드성 소염진통제,알코올,알코올,caution,위장 출혈 위험 증가,위장 출혈 가능성 증가,"매일 세 잔 이상 정기적으로 음주하는 경우, 이 약 또는 다른 해열진통제 복용 전 의사 또는 약사와 상의하십시오.",-,K-Pharm API (AI Processed)
헤모데이캡슐(폴리사카리드철착염),폴리사카리드철착염,철분제,녹차,차,warning,탄닌 성분이 철분 흡수를 방해합니다.,철분 흡수 감소,"복용 중, 복용 전후에는 녹차를 피하십시오.",-,K-Pharm API (AI Processed)
헤모데이캡슐(폴리사카리드철착염),폴리사카리드철착염,철분제,홍차,차,warning,탄닌 성분이 철분 흡수를 방해합니다.,철분 흡수 감소,"복용 중, 복용 전후에는 홍차를 피하십시오.",-,K-Pharm API (AI Processed)
헤모데이캡슐(폴리사카리드철착염),폴리사카리드철착염,철분제,우유,유제품,warning,칼슘 성분이 철분 흡수를 방해합니다.,철분 흡수 감소,"복용 중, 복용 전후에는 우유를 피하십시오.",-,K-Pharm API (AI Processed)
헤모데이캡슐(폴리사카리드철착염),폴리사카리드철착염,철분제,유제품,유제품,warning,칼슘 성분이 철분 흡수를 방해합니다.,철분 흡수 감소,"복용 중, 복용 전후에는 유제품을 피하십시오.",-,K-Pharm API (AI Processed)
브롤라인장용정(브로멜라인),브로멜라인,단백질 분해 효소,없음,없음,no_interaction,없음,없음,-,-,K-Pharm API (AI Processed)
엑세라민프로정,Unknown,Unknown,녹차,차,warning,탄닌 성분이 약물 흡수를 방해할 수 있습니다.,약효 감소,"복용 중, 복용 전후에는 녹차를 피하십시오.",-,K-Pharm API (AI Processed)
엑세라민프로정,Unknown,Unknown,홍차,차,warning,탄닌 성분이 약물 흡수를 방해할 수 있습니다.,약효 감소,"복용 중, 복용 전후에는 홍차를 피하십시오.",-,K-Pharm API (AI Processed)
알카본정,Unknown,Unknown,녹차,차,warning,탄닌 성분이 약물 흡수를 방해할 수 있습니다.,약물 효과 감소,"복용 중, 복용 전후에는 녹차를 피하십시오.",-,K-Pharm API (AI Processed)
알카본정,Unknown,Unknown,홍차,차,warning,탄닌 성분이 약물 흡수를 방해할 수 있습니다.,약물 효과 감소,"복용 중, 복용 전후에는 홍차를 피하십시오.",-,K-Pharm API (AI Processed)
파모타제정10밀리그램(파모티딘),파모티딘,H2 수용체 길항제,알코올,음료,warning,"알코올은 위 점막을 자극하여 위산 분비를 증가시킬 수 있으며, 파모티딘의 효과를 감소시킬 수 있습니다.","위산 분비 증가, 약효 감소",복용 중에는 음주를 피하십시오.,-,K-Pharm API (AI Processed)
아카펜정,아세트아미노펜,해열진통제,알코올,알코올,danger,알코올은 아세트아미노펜의 간 독성을 증가시킬 수 있습니다.,간 손상 위험 증가,복용 중에는 음주하지 마십시오.,-,K-Pharm API (AI Processed)
셀레넘정,Unknown,Unknown,녹차,차,warning,탄닌 성분이 셀레늄의 흡수를 방해할 수 있습니다.,약효 감소,"복용 중, 복용 전후에는 녹차를 피하십시오.",-,K-Pharm API (AI Processed)
셀레넘정,Unknown,Unknown,홍차,차,warning,탄닌 성분이 셀레늄의 흡수를 방해할 수 있습니다.,약효 감소,"복용 중, 복용 전후에는 홍차를 피하십시오.",-,K-Pharm API (AI Processed)
애시컨정(파모티딘),파모티딘,H2 수용체 길항제,알코올,음료,warning,알코올은 위 점막을 자극하고 위산 분비를 증가시켜 약물의 효과를 감소시킬 수 있습니다.,약효 감소,복용 중에는 음주를 피하십시오.,-,K-Pharm API (AI Processed)
마스터치크림,Unknown,Unknown,NO_INTERACTION,NO_INTERACTION,no_interaction,NO_INTERACTION,NO_INTERACTION,NO_INTERACTION,-,K-Pharm API (AI Processed)
써큐로민정80밀리그램(은행엽건조엑스),은행엽건조엑스,혈액순환 개선제,NO_INTERACTION,NO_INTERACTION,no_interaction,NO_INTERACTION,NO_INTERACTION,NO_INTERACTION,-,K-Pharm API (AI Processed)
캐롤키즈에이시럽(아세트아미노펜),아세트아미노펜,해열진통제,알코올,알코올,danger,아세트아미노펜과 알코올의 병용은 간 손상의 위험을 증가시킬 수 있습니다.,간 손상 위험 증가,알코올 섭취를 피하십시오.,-,K-Pharm API (AI Processed)
브로멜란장용정(브로멜라인),브로멜라인,소화 효소,없음,없음,no_interaction,없음,없음,없음,-,K-Pharm API (AI Processed)
마그페롤플러스연질캡슐,Unknown,Unknown,녹차,차,warning,탄닌 성분은 약물 흡수를 방해할 수 있습니다.,약물 효과 감소,"복용 중, 복용 전후에는 녹차를 피하십시오.",-,K-Pharm API (AI Processed)
마그페롤플러스연질캡슐,Unknown,Unknown,홍차,차,warning,탄닌 성분은 약물 흡수를 방해할 수 있습니다.,약물 효과 감소,"복용 중, 복용 전후에는 홍차를 피하십시오.",-,K-Pharm API (AI Processed)
장이락캡슐(바실루스리케니포르미스균),바실루스리케니포르미스균,프로바이오틱스,우유,유제품,caution,유아의 경우 캡슐 내용물을 소량의 물이나 우유에 타서 복용할 수 있습니다.,해당 없음,유아의 경우 우유에 타서 복용 가능,-,K-Pharm API (AI Processed)
다산알벤다졸정400밀리그램,알벤다졸,구충제,없음,없음,no_interaction,없음,없음,없음,-,K-Pharm API (AI Processed)
콜드브레이크캡슐,Unknown,Unknown,알코올,음료,warning,"알코올은 간 손상을 유발할 수 있으며, 콜드브레이크캡슐의 아세트아미노펜 성분과 함께 복용 시 간 손상 위험을 증가시킬 수 있습니다.",간 손상 위험 증가,콜드브레이크캡슐 복용 중에는 음주를 피하십시오.,-,K-Pharm API (AI Processed)
알젠다졸정(알벤다졸),알벤다졸,구충제,없음,없음,no_interaction,없음,없음,없음,-,K-Pharm API (AI Processed)
이바나파연고(덱사메타손),덱사메타손,코르티코스테로이드,음식,일반,caution,약물 사용 후 바로 음식 섭취 시 약물 흡수에 영향을 미칠 수 있습니다.,약물 효과 감소 가능성.,약물 사용 후 바로 음식을 먹지 마십시오.,-,K-Pharm API (AI Processed)
맥세렌디정,Unknown,Unknown,녹차,차,warning,탄닌 성분이 약물 흡수를 방해할 수 있습니다.,약물 효과 감소,"복용 중, 복용 전후에는 녹차를 피하십시오.",-,K-Pharm API (AI Processed)
맥세렌디정,Unknown,Unknown,홍차,차,warning,탄닌 성분이 약물 흡수를 방해할 수 있습니다.,약물 효과 감소,"복용 중, 복용 전후에는 홍차를 피하십시오.",-,K-Pharm API (AI Processed)
오스템클로르헥시딘액0.12%(클로르헥시딘글루콘산염액),클로르헥시딘글루콘산염,구강 청결제,없음,없음,no_interaction,없음,없음,없음,-,K-Pharm API (AI Processed)
에스알파정,Unknown,Unknown,우유,유제품,warning,다량의 우유와 병용 시 약물 성분과 상호작용하여 우유 알칼리 증후군을 유발할 수 있습니다.,"고칼슘혈증, 고질소혈증, 알칼리증 등 우유 알칼리 증후군 발생 가능성","우유 섭취 시 주의하고, 증상 발생 시 투여를 중단하십시오.",-,K-Pharm API (AI Processed)
에스알파정,Unknown,Unknown,칼슘제제,영양 보충제,warning,칼슘제제와 병용 시 약물 성분과 상호작용하여 우유 알칼리 증후군을 유발할 수 있습니다.,"고칼슘혈증, 고질소혈증, 알칼리증 등 우유 알칼리 증후군 발생 가능성","칼슘제제 섭취 시 주의하고, 증상 발생 시 투여를 중단하십시오.",-,K-Pharm API (AI Processed)
로메라제장용정(브로멜라인),브로멜라인,단백질 분해 효소,음식,일반,caution,음식과 함께 복용 시 약물 흡수 감소 가능성,약효 감소,식사 30분 전에 물과 함께 복용하십시오.,-,K-Pharm API (AI Processed)
지엘파모티딘정10밀리그램,Unknown,Unknown,알코올,알코올,warning,알코올과 함께 복용 시 위장 자극 및 약물 효과 변화 가능성.,"위장 자극, 약물 효과 감소 또는 증가.",복용 중에는 음주를 피하십시오.,-,K-Pharm API (AI Processed)
뉴트리액티브정,Unknown,Unknown,녹차,차,warning,탄닌 성분이 약물 흡수를 방해할 수 있습니다.,약효 감소,"복용 중, 복용 전후에는 녹차를 피하십시오.",-,K-Pharm API (AI Processed)
뉴트리액티브정,Unknown,Unknown,홍차,차,warning,탄닌 성분이 약물 흡수를 방해할 수 있습니다.,약효 감소,"복용 중, 복용 전후에는 홍차를 피하십시오.",-,K-Pharm API (AI Processed)
마그네스디정,Unknown,Unknown,녹차,차,warning,탄닌 성분이 약물 흡수를 방해할 수 있습니다.,약효 감소,"복용 중, 복용 전후에는 녹차를 피하십시오.",-,K-Pharm API (AI Processed)
마그네스디정,Unknown,Unknown,홍차,차,warning,탄닌 성분이 약물 흡수를 방해할 수 있습니다.,약효 감소,"복용 중, 복용 전후에는 홍차를 피하십시오.",-,K-Pharm API (AI Processed)
멜라인장용정(브로멜라인),브로멜라인,단백질 분해 효소,없음,없음,no_interaction,없음,없음,없음,-,K-Pharm API (AI Processed)
리케락캡슐(바실루스리케니포르미스균),바실루스리케니포르미스균,프로바이오틱스,우유,유제품,caution,유아의 경우 캡슐 내용물을 우유에 타서 복용할 수 있습니다. 우유는 약물의 흡수에 영향을 줄 수 있습니다.,약물 흡수 변화 가능성,"우유와 함께 복용할 수 있지만, 약물 복용 시간과 우유 섭취 시간 간격을 두는 것을 고려할 수 있습니다.",-,K-Pharm API (AI Processed)
에스빌이부연질캡슐200밀리그램(이부프로펜),이부프로펜,비스테로이드성 소염진통제,알코올,알코올,caution,"알코올은 위장 출혈의 위험을 증가시킬 수 있으며, 이부프로펜과 함께 복용 시 이 위험이 증가할 수 있습니다.",위장 출혈 위험 증가,"매일 세 잔 이상 정기적으로 음주하는 경우, 이 약 복용 전 의사 또는 약사와 상의하십시오.",-,K-Pharm API (AI Processed)
돌체락원스산,폴리에틸렌글리콜3350,변비 치료제,알코올,음료,warning,돌체락원스산에 함유된 폴리에틸렌글리콜3350은 알코올에 잘 녹는 약물의 용해도를 증가시킬 수 있습니다.,알코올과 함께 복용 시 약물의 흡수 및 효과에 영향을 미칠 수 있습니다.,"알코올 섭취를 피하거나, 복용 간격을 두는 것을 권장합니다.",-,K-Pharm API (AI Processed)
소겐큐정,Unknown,Unknown,알코올성 음료,알코올,warning,"알코올은 소겐큐정의 부작용(졸음, 어지러움)을 악화시킬 수 있습니다.","졸음, 어지러움 증가",복용 중에는 알코올성 음료를 피하십시오.,-,K-Pharm API (AI Processed)
뉴락스에프정,Unknown,Unknown,우유,유제품,caution,"정확한 기전은 명시되지 않았지만, 우유 섭취 후 1시간 이내에 복용하지 않도록 권고하고 있습니다.",약물 흡수 저해 가능성.,우유 섭취 후 1시간 이후에 복용하십시오.,-,K-Pharm API (AI Processed)
베베클나잘스프레이(염화나트륨),염화나트륨,비강 스프레이,NO_INTERACTION,NO_INTERACTION,no_interaction,NO_INTERACTION,NO_INTERACTION,NO_INTERACTION,-,K-Pharm API (AI Processed)
코푸엔에스시럽,Unknown,Unknown,알코올,음료,warning,알코올은 코푸엔에스시럽의 진정 효과를 증가시킬 수 있습니다.,"과도한 졸음, 어지러움, 호흡 억제.",코푸엔에스시럽 복용 중에는 음주를 피하십시오.,-,K-Pharm API (AI Processed)
그린헥시딘가글액0.12%(클로르헥시딘글루콘산염액),클로르헥시딘글루콘산염,구강 청결제,없음,없음,no_interaction,없음,없음,없음,-,K-Pharm API (AI Processed)
비엘비정,Unknown,Unknown,녹차,차,warning,탄닌 성분이 약물 흡수를 방해할 수 있습니다.,약효 감소,"복용 중, 복용 전후에는 녹차를 피하십시오.",-,K-Pharm API (AI Processed)
비엘비정,Unknown,Unknown,홍차,차,warning,탄닌 성분이 약물 흡수를 방해할 수 있습니다.,약효 감소,"복용 중, 복용 전후에는 홍차를 피하십시오.",-,K-Pharm API (AI Processed)
티엔코프연질캡슐,Unknown,Unknown,알코올,알코올,danger,간 손상 위험 증가,간 손상,복용 중에는 음주하지 마십시오.,-,K-Pharm API (AI Processed)
보령펜시럽(덱시부프로펜),덱시부프로펜,비스테로이드성 소염진통제,알코올,음료,warning,덱시부프로펜과 알코올의 병용은 위장 출혈의 위험을 증가시킬 수 있습니다.,위장 출혈 위험 증가,알코올 섭취를 피하거나 의사 또는 약사와 상의하십시오.,-,K-Pharm API (AI Processed)
티엔코연질캡슐,Unknown,Unknown,알코올,알코올,danger,간 손상 위험 증가,간 손상,복용 중에는 음주하지 마십시오.,-,K-Pharm API (AI Processed)
파모윈정(파모티딘),파모티딘,H2 수용체 길항제,알코올,음료,warning,알코올은 위 점막을 자극하고 위산 분비를 증가시켜 파모티딘의 효과를 감소시킬 수 있습니다.,위장 자극 및 약효 감소.,복용 중에는 음주를 피하십시오.,-,K-Pharm API (AI Processed)
위엔싹에프정(파모티딘),파모티딘,H2 수용체 길항제,알코올,알코올,warning,"알코올은 위 점막을 자극하여 위산 분비를 증가시킬 수 있으며, 파모티딘의 효과를 감소시킬 수 있습니다.","위장 자극, 위산 분비 증가, 약효 감소",복용 중에는 음주를 피하십시오.,-,K-Pharm API (AI Processed)
대웅바이오덱시부프로펜정300밀리그램,덱시부프로펜,비스테로이드성 소염(항염)진통제,알코올,알코올,caution,위장 출혈 위험 증가,위장 출혈 가능성 증가,매일 세 잔 이상 정기적으로 음주하는 경우 의사 또는 약사와 상의하십시오.,-,K-Pharm API (AI Processed)
투엑스비듀얼정,Unknown,Unknown,녹차,차,warning,탄닌 성분이 약물 흡수를 방해할 수 있습니다.,약물 효과 감소,"복용 중, 복용 전후에는 녹차를 피하십시오.",-,K-Pharm API (AI Processed)
투엑스비듀얼정,Unknown,Unknown,홍차,차,warning,탄닌 성분이 약물 흡수를 방해할 수 있습니다.,약물 효과 감소,"복용 중, 복용 전후에는 홍차를 피하십시오.",-,K-Pharm API (AI Processed)
이브원큐에스연질캡슐(이부프로펜),이부프로펜,비스테로이드성 소염진통제(NSAIDs),알코올,알코올,caution,위장 출혈 위험 증가,위장 출혈 가능성 증가,"매일 세 잔 이상 정기적으로 음주하는 경우, 이 약 복용 전 의사 또는 약사와 상의하십시오.",-,K-Pharm API (AI Processed)
이브원큐에스연질캡슐(이부프로펜),이부프로펜,비스테로이드성 소염진통제(NSAIDs),공복,식사,caution,위장 자극,위장 장애 가능성 증가,"만 12세 이상 청소년의 경우, 체중이 30kg 미만일 때 공복 시 투여는 피하는 것이 바람직합니다.",식사,K-Pharm API (AI Processed)
뮤코에이시럽,Unknown,Unknown,알코올,알코올,warning,알코올은 중추신경억제 효과를 증가시킬 수 있습니다.,"졸음 증가, 어지러움, 인지 능력 저하",뮤코에이시럽 복용 중 알코올 섭취를 피하십시오.,-,K-Pharm API (AI Processed)
테라록센연질캡슐(나프록센),나프록센,비스테로이드성 소염진통제,알코올,음료,warning,위장 출혈 위험 증가,위장 출혈 위험 증가,"매일 세 잔 이상 정기적으로 음주하는 경우, 이 약 복용 전 의사 또는 약사와 상의하십시오.",-,K-Pharm API (AI Processed)
루피엔연질캡슐(이부프로펜),이부프로펜,비스테로이드성 소염진통제,알코올,음료,caution,이 약과 알코올의 병용은 위장 출혈의 위험을 증가시킬 수 있습니다.,위장 출혈 위험 증가,"매일 세 잔 이상 정기적으로 음주하는 경우, 이 약 복용 전 의사 또는 약사와 상의하십시오.",-,K-Pharm API (AI Processed)
디카듀오정100/1000,Unknown,Unknown,녹차,차,warning,탄닌 성분이 약물 흡수를 방해할 수 있습니다.,약물 효과 감소,"복용 중, 복용 전후에는 녹차를 피하십시오.",-,K-Pharm API (AI Processed)
디카듀오정100/1000,Unknown,Unknown,홍차,차,warning,탄닌 성분이 약물 흡수를 방해할 수 있습니다.,약물 효과 감소,"복용 중, 복용 전후에는 홍차를 피하십시오.",-,K-Pharm API (AI Processed)
어린이타이레놀산160밀리그램(아세트아미노펜),아세트아미노펜,해열진통제,알코올,음료,warning,아세트아미노펜과 알코올의 병용은 간 손상의 위험을 증가시킬 수 있습니다.,간 손상 위험 증가,매일 세 잔 이상 정기적으로 음주하는 경우 이 약 복용 전 의사 또는 약사와 상의하십시오.,-,K-Pharm API (AI Processed)
리치칼비정,Unknown,Unknown,우유,유제품,caution,"정확한 기전은 명시되지 않았지만, 우유 섭취 후 1시간 이내에 복용하지 않도록 권고하고 있습니다.",약물 흡수 저해 가능성,우유 섭취 후 1시간 이후에 복용하십시오.,-,K-Pharm API (AI Processed)
파머티딘정(파모티딘),파모티딘,H2 수용체 길항제,알코올,알코올,warning,"알코올은 위 점막을 자극하여 위산 분비를 증가시킬 수 있으며, 파모티딘의 효과를 감소시킬 수 있습니다.","위장 자극, 파모티딘 효과 감소",복용 중에는 음주를 피하십시오.,-,K-Pharm API (AI Processed)
엘앤씨메가펜정(아세트아미노펜제피세립),아세트아미노펜,해열진통제,알코올,음료,danger,알코올은 아세트아미노펜의 간 독성을 증가시킬 수 있습니다.,간 손상 위험 증가,매일 세 잔 이상 정기적으로 음주하는 사람은 이 약을 복용하기 전에 의사 또는 약사와 상의하십시오. 복용 중에는 알코올 섭취를 피하십시오.,-,K-Pharm API (AI Processed)
스파맥정,Unknown,Unknown,알코올,알코올,danger,간 손상 위험 증가,간 손상,복용 중 음주하지 마십시오.,-,K-Pharm API (AI Processed)
베아파모정10밀리그램(파모티딘),파모티딘,H2 수용체 길항제,알코올,알코올,warning,알코올과 함께 복용 시 위장 자극 및 약물 효과 변화 가능성.,"위장 자극, 약물 효과 감소 또는 증가.",알코올이 함유된 음료와 함께 복용하지 마십시오.,-,K-Pharm API (AI Processed)
파워비큐액,Unknown,Unknown,녹차,차,warning,탄닌 성분이 약물 흡수를 방해할 수 있습니다.,약효 감소,"복용 중, 복용 전후에는 녹차를 피하십시오.",-,K-Pharm API (AI Processed)
파워비큐액,Unknown,Unknown,홍차,차,warning,탄닌 성분이 약물 흡수를 방해할 수 있습니다.,약효 감소,"복용 중, 복용 전후에는 홍차를 피하십시오.",-,K-Pharm API (AI Processed)
브로나인장용정(브로멜라인),브로멜라인,단백질 분해 효소,음식,일반,caution,약물의 흡수를 최적화하기 위해 식사 30분 전에 복용하도록 권장합니다.,음식과 함께 복용하면 약물 흡수가 감소할 수 있습니다.,식사 30분 전에 물과 함께 복용하십시오.,-,K-Pharm API (AI Processed)
덱스원큐에스연질캡슐(덱시부프로펜),덱시부프로펜,비스테로이드성 소염진통제,알코올,알코올,caution,위장 출혈 위험 증가,위장 출혈 가능성 증가,"매일 세 잔 이상 정기적으로 음주하는 경우, 복용 전 의사 또는 약사와 상의하십시오.",-,K-Pharm API (AI Processed)
치치렌정(디오스민),디오스민,정맥부전 치료제,없음,없음,no_interaction,없음,없음,없음,-,K-Pharm API (AI Processed)
나프원큐에스연질캡슐(나프록센),나프록센,비스테로이드성 소염진통제,알코올,알코올,caution,위장 출혈 위험 증가,위장 출혈 가능성 증가,"매일 세 잔 이상 정기적으로 음주하는 경우, 이 약 또는 다른 해열진통제 복용 전 의사 또는 약사와 상의하십시오.",-,K-Pharm API (AI Processed)
헤모데이캡슐(폴리사카리드철착염),폴리사카리드철착염,철분제,녹차,차,warning,탄닌 성분이 철분 흡수를 방해합니다.,철분 흡수 감소,"복용 중, 복용 전후에는 피하십시오.",-,K-Pharm API (AI Processed)
헤모데이캡슐(폴리사카리드철착염),폴리사카리드철착염,철분제,홍차,차,warning,탄닌 성분이 철분 흡수를 방해합니다.,철분 흡수 감소,"복용 중, 복용 전후에는 피하십시오.",-,K-Pharm API (AI Processed)
헤모데이캡슐(폴리사카리드철착염),폴리사카리드철착염,철분제,우유,유제품,warning,칼슘 성분이 철분 흡수를 방해합니다.,철분 흡수 감소,"복용 중, 복용 전후에는 피하십시오.",-,K-Pharm API (AI Processed)
헤모데이캡슐(폴리사카리드철착염),폴리사카리드철착염,철분제,유제품,유제품,warning,칼슘 성분이 철분 흡수를 방해합니다.,철분 흡수 감소,"복용 중, 복용 전후에는 피하십시오.",-,K-Pharm API (AI Processed)
크레닉정125밀리그람(클로닉신리시네이트),클로닉신리시네이트,비스테로이드성 소염진통제,알코올,음료,warning,위장 출혈 위험 증가,위장 출혈 가능성 증가,"매일 세 잔 이상 정기적으로 알코올을 섭취하는 경우, 의사 또는 약사와 상의하십시오.",-,K-Pharm API (AI Processed)
팜젠암브록솔염산염시럽,Unknown,Unknown,NO_INTERACTION,NO_INTERACTION,no_interaction,NO_INTERACTION,NO_INTERACTION,NO_INTERACTION,-,K-Pharm API (AI Processed)
복합써스펜좌약,아세트아미노펜,해열진통제,알코올,음료,warning,"알코올은 간 손상을 유발할 수 있으며, 아세트아미노펜과 함께 복용 시 간 손상 위험을 증가시킬 수 있습니다.",간 손상 위험 증가,매일 세 잔 이상 정기적으로 음주하는 사람은 이 약을 복용하기 전에 의사 또는 약사와 상의하십시오.,-,K-Pharm API (AI Processed)
다이야펜정400밀리그램(이부프로펜),이부프로펜,비스테로이드성 소염진통제,알코올,알코올,caution,위장 출혈 위험 증가,위장 출혈 가능성 증가,"매일 세 잔 이상 정기적으로 음주하는 경우, 이 약 또는 다른 해열진통제 복용 전 의사 또는 약사와 상의하십시오.",-,K-Pharm API (AI Processed)
파비스암브록솔염산염정,암브록솔염산염,거담제,없음,없음,no_interaction,없음,없음,없음,-,K-Pharm API (AI Processed)
세록센정(나프록센나트륨),나프록센나트륨,비스테로이드성 소염진통제,알코올,알코올,caution,위장 출혈 위험 증가,위장 출혈 가능성 증가,"매일 세 잔 이상 정기적으로 음주하는 경우, 이 약 복용 전 의사 또는 약사와 상의하십시오.",-,K-Pharm API (AI Processed)
한생액,Unknown,Unknown,알코올,알코올,warning,알코올과 함께 복용 시 약물의 부작용이 증가할 수 있습니다.,"졸음, 어지러움, 위장 장애 등 부작용 증가",알코올 섭취를 피하십시오.,-,K-Pharm API (AI Processed)
중외관류용멸균증류수,Unknown,Unknown,NO_INTERACTION,NO_INTERACTION,no_interaction,NO_INTERACTION,NO_INTERACTION,NO_INTERACTION,-,K-Pharm API (AI Processed)
모아칼연질캡슐,Unknown,Unknown,녹차,차,warning,탄닌 성분은 약물 흡수를 방해할 수 있습니다.,약물 효과 감소,"복용 중, 복용 전후에는 녹차를 피하십시오.",-,K-Pharm API (AI Processed)
모아칼연질캡슐,Unknown,Unknown,홍차,차,warning,탄닌 성분은 약물 흡수를 방해할 수 있습니다.,약물 효과 감소,"복용 중, 복용 전후에는 홍차를 피하십시오.",-,K-Pharm API (AI Processed)
브롤라인장용정(브로멜라인),브로멜라인,단백질 분해 효소,없음,없음,no_interaction,없음,없음,-,-,K-Pharm API (AI Processed)
엑세라민프로정,Unknown,Unknown,녹차,차,warning,탄닌 성분이 약물 흡수를 방해할 수 있습니다.,약효 감소,"복용 중, 복용 전후에는 녹차를 피하십시오.",-,K-Pharm API (AI Processed)
엑세라민프로정,Unknown,Unknown,홍차,차,warning,탄닌 성분이 약물 흡수를 방해할 수 있습니다.,약효 감소,"복용 중, 복용 전후에는 홍차를 피하십시오.",-,K-Pharm API (AI Processed)
브로멜란장용정(브로멜라인),브로멜라인,소화 효소,없음,없음,no_interaction,없음,없음,없음,-,K-Pharm API (AI Processed)
마그페롤플러스연질캡슐,Unknown,Unknown,녹차,차,warning,탄닌 성분은 약물 흡수를 방해할 수 있습니다.,약물 효과 감소,"복용 중, 복용 전후에는 녹차를 피하십시오.",-,K-Pharm API (AI Processed)
마그페롤플러스연질캡슐,Unknown,Unknown,홍차,차,warning,탄닌 성분은 약물 흡수를 방해할 수 있습니다.,약물 효과 감소,"복용 중, 복용 전후에는 홍차를 피하십시오.",-,K-Pharm API (AI Processed)
장이락캡슐(바실루스리케니포르미스균),바실루스리케니포르미스균,프로바이오틱스,우유,유제품,caution,유아의 경우 캡슐 내용물을 소량의 물이나 우유에 타서 복용할 수 있습니다.,해당 없음,"유아의 경우, 캡슐 내용물을 우유에 타서 복용할 수 있습니다.",-,K-Pharm API (AI Processed)
다산알벤다졸정400밀리그램,알벤다졸,구충제,없음,없음,no_interaction,없음,없음,없음,-,K-Pharm API (AI Processed)
콜드브레이크캡슐,Unknown,Unknown,알코올,음료,warning,"알코올은 간 손상을 유발할 수 있으며, 콜드브레이크캡슐의 아세트아미노펜 성분과 함께 복용 시 간 손상 위험을 증가시킬 수 있습니다.",간 손상 위험 증가,콜드브레이크캡슐 복용 중에는 음주를 피하십시오.,-,K-Pharm API (AI Processed)
알젠다졸정(알벤다졸),알벤다졸,구충제,없음,없음,no_interaction,없음,없음,없음,-,K-Pharm API (AI Processed)
메디락-베베산,Unknown,Unknown,우유,유제품,caution,약물 복용 시 우유와 함께 복용하도록 지시되어 흡수율에 영향을 줄 수 있음.,약물 흡수율 변화 가능성,"식후 또는 식간에 물, 우유, 이유식 등에 타서 또는 그대로 복용합니다.",-,K-Pharm API (AI Processed)
메디락-베베산,Unknown,Unknown,이유식,유아식,caution,약물 복용 시 이유식과 함께 복용하도록 지시되어 흡수율에 영향을 줄 수 있음.,약물 흡수율 변화 가능성,"식후 또는 식간에 물, 우유, 이유식 등에 타서 또는 그대로 복용합니다.",-,K-Pharm API (AI Processed)
조아디오스민캡슐,Unknown,Unknown,NO_INTERACTION,NO_INTERACTION,no_interaction,NO_INTERACTION,NO_INTERACTION,NO_INTERACTION,-,K-Pharm API (AI Processed)
베비잘시럽(이부프로펜),이부프로펜,비스테로이드성 소염진통제,알코올,알코올,caution,위장 출혈 위험 증가,위장 출혈 위험 증가,"매일 세 잔 이상 정기적으로 음주하는 경우, 이 약 또는 다른 해열진통제 복용 전 의사 또는 약사와 상의하십시오.",-,K-Pharm API (AI Processed)
트라몰정160밀리그람(아세트아미노펜),아세트아미노펜,해열진통제,알코올,음료,danger,알코올은 아세트아미노펜의 간 독성을 증가시킬 수 있습니다.,간 손상 위험 증가,알코올 섭취를 피하십시오.,-,K-Pharm API (AI Processed)
세토펜정(아세트아미노펜),아세트아미노펜,해열진통제,알코올,음료,danger,알코올은 아세트아미노펜의 간 독성을 증가시킬 수 있습니다.,간 손상 위험 증가,알코올과 함께 복용하지 마십시오.,-,K-Pharm API (AI Processed)
세토펜정80밀리그램(아세트아미노펜),아세트아미노펜,해열진통제,알코올,음료,warning,알코올은 아세트아미노펜의 간 독성을 증가시킬 수 있습니다.,간 손상 위험 증가,"매일 세 잔 이상 정기적으로 음주하는 경우, 이 약 복용 전 의사 또는 약사와 상의하십시오.",-,K-Pharm API (AI Processed)
이지롱내복액,Unknown,Unknown,알코올성 음료,알코올,warning,알코올은 이 약의 졸음 유발 효과를 증가시킬 수 있습니다.,졸음 증가,복용 중에는 알코올성 음료를 피하십시오.,-,K-Pharm API (AI Processed)
바스칼캡슐,Unknown,Unknown,알코올,알코올,danger,알코올은 바스칼캡슐의 성분과 상호작용하여 간 손상을 증가시킬 수 있습니다.,간 손상 위험 증가,복용 중에는 음주하지 마십시오.,-,K-Pharm API (AI Processed)
아세르정(암브록솔염산염),암브록솔염산염,거담제,없음,없음,no_interaction,없음,없음,없음,-,K-Pharm API (AI Processed)
이바나파연고(덱사메타손),덱사메타손,코르티코스테로이드,음식,일반,caution,약물 사용 후 바로 음식 섭취 시 약물 흡수에 영향을 미칠 수 있습니다.,약물 효과 감소 가능성.,약물 사용 후 바로 음식을 먹지 마십시오.,-,K-Pharm API (AI Processed)
맥세렌디정,Unknown,Unknown,녹차,차,warning,탄닌 성분이 약물 흡수를 방해할 수 있습니다.,약물 효과 감소,"복용 중, 복용 전후에는 녹차를 피하십시오.",-,K-Pharm API (AI Processed)
맥세렌디정,Unknown,Unknown,홍차,차,warning,탄닌 성분이 약물 흡수를 방해할 수 있습니다.,약물 효과 감소,"복용 중, 복용 전후에는 홍차를 피하십시오.",-,K-Pharm API (AI Processed)
리케락캡슐(바실루스리케니포르미스균),바실루스리케니포르미스균,프로바이오틱스,우유,유제품,caution,유아의 경우 캡슐 내용물을 우유에 타서 복용할 수 있습니다. (희석),약물 희석,유아의 경우 캡슐 내용물을 소량의 우유에 타서 복용할 수 있습니다.,-,K-Pharm API (AI Processed)
에스빌이부연질캡슐200밀리그램(이부프로펜),이부프로펜,비스테로이드성 소염진통제,알코올,알코올,caution,위장 출혈 위험 증가,위장 출혈 가능성 증가,"매일 세 잔 이상 정기적으로 음주하는 경우, 이 약 복용 전 의사 또는 약사와 상의하십시오.",-,K-Pharm API (AI Processed)
돌체락원스산,폴리에틸렌글리콜3350,변비 치료제,알코올,음료,warning,돌체락원스산에 함유된 폴리에틸렌글리콜3350은 알코올에 잘 녹는 약물의 용해도를 증가시킬 수 있습니다.,알코올과 함께 복용 시 약물의 흡수 및 효과에 영향을 미칠 수 있습니다.,"알코올 섭취를 피하거나, 복용 간격을 두는 것을 권장합니다.",-,K-Pharm API (AI Processed)
소겐큐정,Unknown,Unknown,알코올성 음료,알코올,warning,"알코올은 소겐큐정의 부작용(졸음, 어지러움)을 악화시킬 수 있습니다.","졸음, 어지러움 증가",복용 중에는 알코올성 음료를 피하십시오.,-,K-Pharm API (AI Processed)
뉴락스에프정,Unknown,Unknown,우유,유제품,caution,"정확한 기전은 명시되지 않았지만, 우유 섭취 후 1시간 이내에 복용하지 않도록 권고하고 있습니다.",약물 흡수 저해 가능성.,우유 섭취 후 1시간 이후에 복용하십시오.,-,K-Pharm API (AI Processed)
베베클나잘스프레이(염화나트륨),염화나트륨,비강 스프레이,NO_INTERACTION,NO_INTERACTION,no_interaction,NO_INTERACTION,NO_INTERACTION,NO_INTERACTION,-,K-Pharm API (AI Processed)
코푸엔에스시럽,Unknown,Unknown,알코올,음료,warning,알코올은 코푸엔에스시럽의 진정 효과를 증가시킬 수 있습니다.,"과도한 졸음, 어지러움, 호흡 억제.",코푸엔에스시럽 복용 중에는 음주를 피하십시오.,-,K-Pharm API (AI Processed)
디크로닉정250밀리그램(클로닉신리시네이트)(수출용),클로닉신리시네이트,비스테로이드성 소염진통제,없음,없음,no_interaction,없음,없음,-,-,K-Pharm API (AI Processed)
아록솔정(암브록솔염산염),암브록솔염산염,거담제,NO_INTERACTION,NO_INTERACTION,no_interaction,NO_INTERACTION,NO_INTERACTION,NO_INTERACTION,-,K-Pharm API (AI Processed)
듀오락스정,Unknown,Unknown,우유,유제품,caution,흡수 방해 가능성,약효 감소 가능성,우유 섭취 후 1시간 이내에는 복용을 피하십시오.,-,K-Pharm API (AI Processed)
이텍스암브록솔정(암브록솔염산염),암브록솔염산염,거담제,NO_INTERACTION,NO_INTERACTION,no_interaction,NO_INTERACTION,NO_INTERACTION,NO_INTERACTION,-,K-Pharm API (AI Processed)
이부서스펜시럽(이부프로펜),이부프로펜,비스테로이드성 소염진통제,알코올,음료,caution,위장 출혈 위험 증가,위장 출혈 가능성 증가,"매일 세 잔 이상 정기적으로 음주하는 경우, 이 약 복용 전 의사 또는 약사와 상의하십시오.",-,K-Pharm API (AI Processed)
이부서스펜시럽(이부프로펜),이부프로펜,비스테로이드성 소염진통제,음식,일반,caution,공복 시 투여 시 위장 자극 가능성,위장 자극 및 불편감,공복 시 투여는 피하는 것이 바람직합니다.,-,K-Pharm API (AI Processed)
알파아세트아미노펜정500밀리그람,Unknown,Unknown,알코올,알코올,danger,"알코올은 간 독성을 증가시킬 수 있으며, 아세트아미노펜의 대사를 방해하여 독성 대사물의 생성을 증가시킬 수 있습니다.",간 손상 위험 증가,알코올 섭취를 피하십시오.,-,K-Pharm API (AI Processed)
리오루펜정400밀리그람(이부프로펜),이부프로펜,비스테로이드성 소염진통제,알코올,음료,caution,위장 출혈 위험 증가,위장 출혈 가능성 증가,"매일 세 잔 이상 정기적으로 음주하는 경우, 복용 전 의사 또는 약사와 상의하십시오.",-,K-Pharm API (AI Processed)
헤파토스시럽,Unknown,Unknown,알코올,알코올,danger,해독제로 사용할 수 없음.,알코올 중독에 대한 치료 효과 없음.,알코올 중독 치료에 사용하지 마십시오.,-,K-Pharm API (AI Processed)
로이솔정(암브록솔염산염),암브록솔염산염,거담제,NO_INTERACTION,NO_INTERACTION,no_interaction,NO_INTERACTION,NO_INTERACTION,NO_INTERACTION,-,K-Pharm API (AI Processed)
그린헥시딘가글액0.12%(클로르헥시딘글루콘산염액),클로르헥시딘글루콘산염,구강 청결제,없음,없음,no_interaction,없음,없음,없음,-,K-Pharm API (AI Processed)
비엘비정,Unknown,Unknown,녹차,차,warning,탄닌 성분이 약물 흡수를 방해할 수 있습니다.,약효 감소,"복용 중, 복용 전후에는 녹차를 피하십시오.",-,K-Pharm API (AI Processed)
비엘비정,Unknown,Unknown,홍차,차,warning,탄닌 성분이 약물 흡수를 방해할 수 있습니다.,약효 감소,"복용 중, 복용 전후에는 홍차를 피하십시오.",-,K-Pharm API (AI Processed)
뮤코에이시럽,Unknown,Unknown,알코올,알코올,warning,알코올과 함께 사용 시 상호작용이 발생할 수 있습니다.,알코올과 함께 복용 시 약물의 부작용이 증가하거나 졸음이 심해질 수 있습니다.,의사 또는 약사와 상의하십시오. 알코올 섭취를 피하십시오.,-,K-Pharm API (AI Processed)
테라록센연질캡슐(나프록센),나프록센,비스테로이드성 소염진통제,알코올,음료,warning,위장 출혈 위험 증가,위장 출혈 위험 증가,"매일 세 잔 이상 정기적으로 음주하는 경우, 이 약 복용 전 의사 또는 약사와 상의하십시오.",-,K-Pharm API (AI Processed)
루피엔연질캡슐(이부프로펜),이부프로펜,비스테로이드성 소염진통제,알코올,알코올,caution,위장 출혈 위험 증가,위장 출혈 가능성 증가,"매일 세 잔 이상 정기적으로 음주하는 경우, 복용 전 의사 또는 약사와 상의하십시오.",-,K-Pharm API (AI Processed)
디카듀오정100/1000,Unknown,Unknown,녹차,차,warning,탄닌 성분은 약물 흡수를 방해할 수 있습니다.,약물 효과 감소,"복용 중, 복용 전후에는 녹차를 피하십시오.",-,K-Pharm API (AI Processed)
디카듀오정100/1000,Unknown,Unknown,홍차,차,warning,탄닌 성분은 약물 흡수를 방해할 수 있습니다.,약물 효과 감소,"복용 중, 복용 전후에는 홍차를 피하십시오.",-,K-Pharm API (AI Processed)
어린이타이레놀산160밀리그램(아세트아미노펜),아세트아미노펜,해열진통제,알코올,음료,danger,아세트아미노펜과 알코올의 병용은 간 손상의 위험을 증가시킵니다.,간 손상 위험 증가,알코올 섭취를 피하십시오.,-,K-Pharm API (AI Processed)
리치칼비정,Unknown,Unknown,우유,유제품,caution,"정확한 기전은 명시되지 않았지만, 우유 섭취 후 1시간 이내에 복용하지 않도록 권고하고 있습니다.",약물 흡수 저해 가능성,우유 섭취 후 1시간 이후에 복용하십시오.,-,K-Pharm API (AI Processed)
판피린티정,Unknown,Unknown,알코올,알코올,warning,알코올과 함께 복용 시 약물의 부작용을 증가시킬 수 있습니다.,"부작용 증가, 간 손상 위험 증가",복용 중에는 음주하지 마십시오.,-,K-Pharm API (AI Processed)
어린이용타스펜정160밀리그램(아세트아미노펜),아세트아미노펜,해열진통제,알코올,음료,danger,아세트아미노펜과 알코올의 병용은 간 손상의 위험을 증가시킵니다.,간 손상 위험 증가,알코올을 섭취하는 동안 이 약을 복용하지 마십시오.,-,K-Pharm API (AI Processed)
겔포스엠현탁액,Unknown,Unknown,NO_INTERACTION,NO_INTERACTION,no_interaction,NO_INTERACTION,NO_INTERACTION,NO_INTERACTION,-,K-Pharm API (AI Processed)
삼남아세트아미노펜정,아세트아미노펜,해열진통제,알코올,알코올,danger,아세트아미노펜과 알코올의 병용은 간 손상의 위험을 증가시킵니다.,간 손상 위험 증가,알코올을 섭취하는 동안 이 약을 복용하지 마십시오.,-,K-Pharm API (AI Processed)
오스틴암브록솔염산염정,Unknown,Unknown,없음,없음,no_interaction,없음,없음,-,-,K-Pharm API (AI Processed)
세리콘정(아세트아미노펜),아세트아미노펜,해열진통제,알코올,음료,danger,아세트아미노펜과 알코올은 간 손상의 위험을 증가시킵니다.,간 손상 위험 증가,알코올 섭취를 피하십시오.,-,K-Pharm API (AI Processed)
나로펜정(나프록센나트륨),나프록센나트륨,비스테로이드성 소염진통제,알코올,음료,caution,위장 출혈 위험 증가,위장 출혈 가능성 증가,매일 세 잔 이상 정기적으로 음주하는 경우 의사 또는 약사와 상의하십시오.,-,K-Pharm API (AI Processed)
화니돌0.5마이크로그램연질캡슐(알파칼시돌),알파칼시돌,비타민 D 유도체,칼슘 함유 식품,"유제품, 강화 식품 등",caution,"알파칼시돌은 칼슘 흡수를 증가시키므로, 칼슘 섭취 과다로 인한 고칼슘혈증 위험이 증가할 수 있습니다.","고칼슘혈증, 신장 결석 위험 증가",식이 또는 보급제로서 칼슘 섭취에 대한 지시를 준수하십시오.,-,K-Pharm API (AI Processed)
알코덱스액,Unknown,Unknown,없음,없음,no_interaction,없음,없음,없음,-,K-Pharm API (AI Processed)
듀라티얼즈안연고(무수액체라놀린),Unknown,Unknown,NO_INTERACTION,NO_INTERACTION,no_interaction,NO_INTERACTION,NO_INTERACTION,NO_INTERACTION,-,K-Pharm API (AI Processed)
파머티딘정(파모티딘),파모티딘,H2 수용체 길항제,알코올,알코올,warning,"알코올은 위 점막을 자극하여 위산 분비를 증가시킬 수 있으며, 파모티딘의 효과를 감소시킬 수 있습니다.","위장 자극, 파모티딘 효과 감소",복용 중에는 음주를 피하십시오.,-,K-Pharm API (AI Processed)
브로멜장용정45밀리그램(브로멜라인),브로멜라인,단백질 분해 효소,없음,없음,no_interaction,없음,없음,-,-,K-Pharm API (AI Processed)
엘앤씨메가펜정(아세트아미노펜제피세립),아세트아미노펜,해열진통제,알코올,음료,danger,알코올은 아세트아미노펜의 간 독성을 증가시킬 수 있습니다.,간 손상 위험 증가,매일 세 잔 이상 정기적으로 음주하는 사람은 이 약을 복용하기 전에 의사 또는 약사와 상의하십시오. 복용 중에는 알코올 섭취를 피하십시오.,-,K-Pharm API (AI Processed)
스파맥정,Unknown,Unknown,알코올,알코올,danger,간 손상 위험 증가,간 손상,복용 중 음주하지 마십시오.,-,K-Pharm API (AI Processed)
크레닉정125밀리그람(클로닉신리시네이트),클로닉신리시네이트,비스테로이드성 소염진통제,알코올,알코올,warning,위장 출혈 위험 증가,위장 출혈 위험 증가,"매일 세 잔 이상 정기적으로 알코올을 섭취하는 경우, 이 약 복용 전 의사 또는 약사와 상의하십시오.",-,K-Pharm API (AI Processed)
팜젠암브록솔염산염시럽,Unknown,Unknown,NO_INTERACTION,NO_INTERACTION,no_interaction,NO_INTERACTION,NO_INTERACTION,NO_INTERACTION,-,K-Pharm API (AI Processed)
복합써스펜좌약,아세트아미노펜,해열진통제,알코올,음료,warning,"알코올은 간 손상을 유발할 수 있으며, 아세트아미노펜과 함께 복용 시 간 손상 위험을 증가시킬 수 있습니다.",간 손상 위험 증가,"매일 세 잔 이상 정기적으로 음주하는 경우, 이 약 복용 전 의사 또는 약사와 상의하십시오.",-,K-Pharm API (AI Processed)
다이야펜정400밀리그램(이부프로펜),이부프로펜,비스테로이드성 소염진통제,알코올,알코올,caution,위장 출혈 위험 증가,위장 출혈 가능성 증가,"매일 세 잔 이상 정기적으로 음주하는 경우, 이 약 또는 다른 해열진통제 복용 전 의사 또는 약사와 상의하십시오.",-,K-Pharm API (AI Processed)
파비스암브록솔염산염정,암브록솔염산염,거담제,없음,없음,no_interaction,없음,없음,없음,-,K-Pharm API (AI Processed)
세록센정(나프록센나트륨),나프록센나트륨,비스테로이드성 소염진통제,알코올,음료,caution,위장 출혈 위험 증가,위장 출혈 가능성 증가,"매일 세 잔 이상 정기적으로 음주하는 경우, 의사 또는 약사와 상의하십시오.",-,K-Pharm API (AI Processed)
에이프로젠나프록센나트륨정,나프록센나트륨,비스테로이드성 소염진통제,알코올,알코올,caution,위장 출혈 위험 증가,위장 출혈 위험 증가,"매일 세 잔 이상 정기적으로 음주하는 경우, 의사 또는 약사와 상의하십시오.",-,K-Pharm API (AI Processed)
나콜플러스시럽,Unknown,Unknown,알코올,알코올,warning,간 손상을 일으킬 수 있음.,간 손상 위험 증가,복용 중 음주를 피하십시오.,-,K-Pharm API (AI Processed)
벤포액티브연질캡슐,Unknown,Unknown,녹차,차,warning,탄닌 성분이 약물 흡수를 방해할 수 있습니다.,약물 효과 감소,"복용 중, 복용 전후에 녹차를 피하십시오.",-,K-Pharm API (AI Processed)
벤포액티브연질캡슐,Unknown,Unknown,홍차,차,warning,탄닌 성분이 약물 흡수를 방해할 수 있습니다.,약물 효과 감소,"복용 중, 복용 전후에 홍차를 피하십시오.",-,K-Pharm API (AI Processed)
파모위튼정10밀리그램(파모티딘),파모티딘,H2 수용체 길항제,알코올이 함유된 음료,알코올,warning,알코올은 위 점막을 자극하여 파모티딘의 효과를 감소시키거나 위장 부작용을 증가시킬 수 있습니다.,"위장 자극, 약효 감소",알코올이 함유된 음료와 함께 복용하지 마십시오.,-,K-Pharm API (AI Processed)
콜콜트로키,Unknown,Unknown,알코올,음료,warning,알코올은 약물의 부작용을 증가시킬 수 있습니다.,"졸음, 어지러움, 위장 장애 등 부작용 증가",복용 중에는 음주를 피하십시오.,-,K-Pharm API (AI Processed)
엔드콜에프과립,Unknown,Unknown,알코올,알코올,danger,"알코올은 간 손상을 유발할 수 있으며, 엔드콜에프과립의 아세트아미노펜 성분은 간 독성을 증가시킬 수 있습니다.",간 손상 위험 증가,복용 시 음주를 피하십시오.,-,K-Pharm API (AI Processed)
멀티브큐골드정,Unknown,Unknown,녹차,차,warning,탄닌 성분이 약물 흡수를 방해할 수 있습니다.,약효 감소,"복용 중, 복용 전후에는 녹차를 피하십시오.",-,K-Pharm API (AI Processed)
멀티브큐골드정,Unknown,Unknown,홍차,차,warning,탄닌 성분이 약물 흡수를 방해할 수 있습니다.,약효 감소,"복용 중, 복용 전후에는 홍차를 피하십시오.",-,K-Pharm API (AI Processed)
센스락유연질캡슐,Unknown,Unknown,우유,유제품,caution,흡수 방해 가능성,약효 감소 가능성,우유 섭취 후 1시간 이내에 복용하지 마십시오.,-,K-Pharm API (AI Processed)
센스락유연질캡슐,Unknown,Unknown,제산제,Unknown,caution,흡수 방해 가능성,약효 감소 가능성,제산제 섭취 후 1시간 이내에 복용하지 마십시오.,-,K-Pharm API (AI Processed)
세코라시럽,Unknown,Unknown,알코올,알코올,warning,알코올과 함께 복용 시 졸음을 유발할 수 있습니다.,졸음 증가,알코올 섭취를 피하십시오.,-,K-Pharm API (AI Processed)
조아파모티딘정10밀리그램,Unknown,Unknown,알코올,음료,warning,알코올과 함께 복용 시 위장 자극 및 약물 효과 변화 가능성.,"위장 자극, 약물 효과 감소 또는 증가.",복용 중에는 음주를 피하십시오.,-,K-Pharm API (AI Processed)
테라콜드연질캡슐,Unknown,Unknown,알코올,알코올,danger,알코올은 테라콜드연질캡슐의 성분과 상호작용하여 부작용 위험을 증가시킬 수 있습니다.,"간 손상 위험 증가, 졸음 증가",복용 중에는 음주하지 마십시오.,-,K-Pharm API (AI Processed)
쿨럭콜드시럽,Unknown,감기약,알코올,음료,warning,알코올은 쿨럭콜드시럽의 부작용을 증가시킬 수 있습니다.,"졸음, 어지러움, 간 손상 위험 증가",복용 중에는 음주를 피하십시오.,-,K-Pharm API (AI Processed)
마그란리퀴드액,Unknown,Unknown,녹차,차,warning,탄닌 성분이 약물 흡수를 방해할 수 있습니다.,약효 감소,"복용 중, 복용 전후에는 녹차를 피하십시오.",-,K-Pharm API (AI Processed)
마그란리퀴드액,Unknown,Unknown,홍차,차,warning,탄닌 성분이 약물 흡수를 방해할 수 있습니다.,약효 감소,"복용 중, 복용 전후에는 홍차를 피하십시오.",-,K-Pharm API (AI Processed)
아노덱스골드정,Unknown,Unknown,녹차,차,warning,탄닌 성분은 약물 흡수를 방해할 수 있습니다.,약물 효과 감소,"복용 중, 복용 전후에는 피하십시오.",-,K-Pharm API (AI Processed)
아노덱스골드정,Unknown,Unknown,홍차,차,warning,탄닌 성분은 약물 흡수를 방해할 수 있습니다.,약물 효과 감소,"복용 중, 복용 전후에는 피하십시오.",-,K-Pharm API (AI Processed)
임팩타민프리미엄원스정,Unknown,Unknown,녹차,차,warning,탄닌 성분이 약물 흡수를 방해할 수 있습니다.,약물 효과 감소,"복용 중, 복용 전후에는 녹차를 피하십시오.",-,K-Pharm API (AI Processed)
임팩타민프리미엄원스정,Unknown,Unknown,홍차,차,warning,탄닌 성분이 약물 흡수를 방해할 수 있습니다.,약물 효과 감소,"복용 중, 복용 전후에는 홍차를 피하십시오.",-,K-Pharm API (AI Processed)
중외관류용멸균증류수,Unknown,Unknown,NO_INTERACTION,NO_INTERACTION,no_interaction,NO_INTERACTION,NO_INTERACTION,NO_INTERACTION,-,K-Pharm API (AI Processed)
모아칼연질캡슐,Unknown,Unknown,녹차,차,warning,탄닌 성분이 약물 흡수를 방해할 수 있습니다.,약물 효과 감소,"복용 중, 복용 전후에는 녹차를 피하십시오.",-,K-Pharm API (AI Processed)
모아칼연질캡슐,Unknown,Unknown,홍차,차,warning,탄닌 성분이 약물 흡수를 방해할 수 있습니다.,약물 효과 감소,"복용 중, 복용 전후에는 홍차를 피하십시오.",-,K-Pharm API (AI Processed)
메디락-베베산,Unknown,Unknown,우유,유제품,caution,약물 복용 시 우유와 함께 복용하도록 지시되어 흡수율에 영향을 줄 수 있음.,약물 흡수 변화 가능성,"식후 또는 식간에 물, 우유, 이유식 등에 타서 복용하십시오.",-,K-Pharm API (AI Processed)
메디락-베베산,Unknown,Unknown,이유식,유아식,caution,약물 복용 시 이유식과 함께 복용하도록 지시되어 흡수율에 영향을 줄 수 있음.,약물 흡수 변화 가능성,"식후 또는 식간에 물, 우유, 이유식 등에 타서 복용하십시오.",-,K-Pharm API (AI Processed)
조아디오스민캡슐,Unknown,Unknown,NO_INTERACTION,NO_INTERACTION,no_interaction,NO_INTERACTION,NO_INTERACTION,NO_INTERACTION,-,K-Pharm API (AI Processed)
베비잘시럽(이부프로펜),이부프로펜,비스테로이드성 소염진통제,알코올,알코올,caution,위장 출혈 위험 증가,위장 출혈 위험 증가,"매일 세 잔 이상 정기적으로 음주하는 경우, 이 약 복용 전 의사 또는 약사와 상의하십시오.",-,K-Pharm API (AI Processed)
트라몰정160밀리그람(아세트아미노펜),아세트아미노펜,해열진통제,알코올,음료,danger,알코올은 아세트아미노펜의 간 독성을 증가시킬 수 있습니다.,간 손상 위험 증가,알코올을 복용한 사람은 복용하지 마십시오.,-,K-Pharm API (AI Processed)
세토펜정(아세트아미노펜),아세트아미노펜,해열진통제,알코올,음료,danger,알코올은 아세트아미노펜의 간 독성을 증가시킬 수 있습니다.,간 손상 위험 증가,알코올과 함께 복용하지 마십시오.,-,K-Pharm API (AI Processed)
세토펜정80밀리그램(아세트아미노펜),아세트아미노펜,해열진통제,알코올,음료,warning,알코올은 아세트아미노펜의 간 독성을 증가시킬 수 있습니다.,간 손상 위험 증가,"매일 세 잔 이상 정기적으로 음주하는 경우, 이 약 복용 전 의사 또는 약사와 상의하십시오.",-,K-Pharm API (AI Processed)
이지롱내복액,Unknown,Unknown,알코올성 음료,알코올,warning,알코올은 이 약의 졸음 유발 효과를 증가시킬 수 있습니다.,"졸음 증가, 부작용 증가",복용 중에는 알코올성 음료를 피하십시오.,-,K-Pharm API (AI Processed)
바스칼캡슐,Unknown,Unknown,알코올,알코올,danger,알코올은 바스칼캡슐의 간 손상 위험을 증가시킬 수 있습니다.,간 손상 위험 증가,복용 중에는 음주하지 마십시오.,-,K-Pharm API (AI Processed)
아세르정(암브록솔염산염),암브록솔염산염,거담제,없음,없음,no_interaction,없음,없음,없음,-,K-Pharm API (AI Processed)
디크로닉정250밀리그램(클로닉신리시네이트)(수출용),클로닉신리시네이트,비스테로이드성 소염진통제,없음,없음,no_interaction,없음,없음,-,-,K-Pharm API (AI Processed)
아록솔정(암브록솔염산염),암브록솔염산염,거담제,NO_INTERACTION,NO_INTERACTION,no_interaction,NO_INTERACTION,NO_INTERACTION,NO_INTERACTION,-,K-Pharm API (AI Processed)
알코덱스액,Unknown,Unknown,NO_INTERACTION,NO_INTERACTION,no_interaction,NO_INTERACTION,NO_INTERACTION,NO_INTERACTION,-,K-Pharm API (AI Processed)
듀라티얼즈안연고(무수액체라놀린),Unknown,Unknown,NO_INTERACTION,NO_INTERACTION,no_interaction,NO_INTERACTION,NO_INTERACTION,NO_INTERACTION,-,K-Pharm API (AI Processed)
멘토비엠정,Unknown,Unknown,녹차,차,warning,탄닌 성분이 약물 흡수를 방해할 수 있습니다.,약효 감소,"복용 중, 복용 전후에는 녹차를 피하십시오.",-,K-Pharm API (AI Processed)
멘토비엠정,Unknown,Unknown,홍차,차,warning,탄닌 성분이 약물 흡수를 방해할 수 있습니다.,약효 감소,"복용 중, 복용 전후에는 홍차를 피하십시오.",-,K-Pharm API (AI Processed)
비우다장용연질캡슐,Unknown,Unknown,우유,유제품,caution,"정확한 기전은 명시되지 않았으나, 우유 섭취 후 1시간 이내에 복용하지 않도록 권고하고 있음.",약물 흡수 저해 가능성.,우유 섭취 후 1시간 이후에 복용하십시오.,-,K-Pharm API (AI Processed)
오네론액,Unknown,Unknown,알코올 음료,알코올,warning,알코올은 오네론액의 졸음 유발 효과를 증가시킬 수 있습니다.,"졸음 증가, 반응 시간 감소",오네론액 복용 중에는 알코올 음료를 마시지 마십시오.,-,K-Pharm API (AI Processed)
하이립클로버크림,Unknown,Unknown,NO_INTERACTION,NO_INTERACTION,no_interaction,NO_INTERACTION,NO_INTERACTION,NO_INTERACTION,-,K-Pharm API (AI Processed)
에프쿨시럽,Unknown,Unknown,알코올,음료,경고,"알코올은 간 손상을 유발할 수 있으며, 에프쿨시럽과 함께 복용 시 간 손상 위험이 증가할 수 있습니다.",간 손상 위험 증가,복용 중 음주를 피하십시오.,-,K-Pharm API (AI Processed)
비프리연질캡슐,Unknown,Unknown,알코올,알코올,warning,알코올과 함께 복용 시 약물의 부작용이 증가할 수 있습니다.,"졸음, 어지러움, 집중력 저하 등 부작용 증가",알코올 섭취를 피하십시오.,-,K-Pharm API (AI Processed)
액티진비티에스정,Unknown,Unknown,녹차,차,warning,탄닌 성분이 약물 흡수를 방해할 수 있습니다.,약효 감소,"복용 중, 복용 전후에는 녹차를 피하십시오.",-,K-Pharm API (AI Processed)
액티진비티에스정,Unknown,Unknown,홍차,차,warning,탄닌 성분이 약물 흡수를 방해할 수 있습니다.,약효 감소,"복용 중, 복용 전후에는 홍차를 피하십시오.",-,K-Pharm API (AI Processed)
모닝톡장용연질캡슐,Unknown,Unknown,우유,유제품,caution,흡수 방해 가능성,약효 감소 가능성,우유 섭취 후 1시간 이내에 복용하지 마십시오.,-,K-Pharm API (AI Processed)
하벤에스액,아세트아미노펜,해열진통제,알코올,음료,경고,알코올은 아세트아미노펜의 간 독성을 증가시킬 수 있습니다.,간 손상 위험 증가,복용 중 음주를 피하십시오.,-,K-Pharm API (AI Processed)
메이센정,알 수 없음,알 수 없음,우유,유제품,caution,알 수 없음,알 수 없음,우유 섭취 후 1시간 이내에는 복용을 피하십시오.,-,K-Pharm API (AI Processed)
탑콘도르600정,Unknown,Unknown,녹차,차,warning,탄닌 성분은 약물 흡수를 방해할 수 있습니다.,약효 감소,"복용 중, 복용 전후에는 녹차를 피하십시오.",-,K-Pharm API (AI Processed)
탑콘도르600정,Unknown,Unknown,홍차,차,warning,탄닌 성분은 약물 흡수를 방해할 수 있습니다.,약효 감소,"복용 중, 복용 전후에는 홍차를 피하십시오.",-,K-Pharm API (AI Processed)
빅코민백골드정,Unknown,Unknown,녹차,차,warning,탄닌 성분이 약물 흡수를 방해할 수 있습니다.,약물 효과 감소,"복용 중, 복용 전후에는 녹차를 피하십시오.",-,K-Pharm API (AI Processed)
빅코민백골드정,Unknown,Unknown,홍차,차,warning,탄닌 성분이 약물 흡수를 방해할 수 있습니다.,약물 효과 감소,"복용 중, 복용 전후에는 홍차를 피하십시오.",-,K-Pharm API (AI Processed)
킥노즈에스연질캡슐,Unknown,Unknown,알코올,알코올,danger,알코올은 약물의 부작용을 증가시키거나 간 손상을 악화시킬 수 있습니다.,"간 손상 위험 증가, 졸음 증가, 약물 효과 변화",복용 중에는 음주하지 마십시오.,-,K-Pharm API (AI Processed)
센스온액티브업연질캡슐,Unknown,Unknown,녹차,차,caution,탄닌 성분이 약물 흡수를 방해할 수 있습니다.,약효 감소,"복용 중, 복용 전후에는 피하십시오.",-,K-Pharm API (AI Processed)
센스온액티브업연질캡슐,Unknown,Unknown,홍차,차,caution,탄닌 성분이 약물 흡수를 방해할 수 있습니다.,약효 감소,"복용 중, 복용 전후에는 피하십시오.",-,K-Pharm API (AI Processed)
파인콜정,Unknown,Unknown,알코올,음료,warning,알코올은 파인콜정의 부작용을 악화시키거나 간 손상의 위험을 증가시킬 수 있습니다.,"부작용 증가, 간 손상 위험 증가",파인콜정을 복용하는 동안 음주를 피하십시오.,-,K-Pharm API (AI Processed)
펙소지엔정60밀리그램(펙소페나딘염산염),펙소페나딘염산염,항히스타민제,자몽주스,과일,warning,펙소페나딘의 흡수를 감소시킬 수 있습니다.,약효 감소,자몽주스와 함께 복용하지 마십시오.,-,K-Pharm API (AI Processed)
펙소지엔정60밀리그램(펙소페나딘염산염),펙소페나딘염산염,항히스타민제,오렌지 주스,과일,warning,펙소페나딘의 흡수를 감소시킬 수 있습니다.,약효 감소,오렌지 주스와 함께 복용하지 마십시오.,-,K-Pharm API (AI Processed)
펙소지엔정60밀리그램(펙소페나딘염산염),펙소페나딘염산염,항히스타민제,사과 주스,과일,warning,펙소페나딘의 흡수를 감소시킬 수 있습니다.,약효 감소,사과 주스와 함께 복용하지 마십시오.,-,K-Pharm API (AI Processed)
펙소지엔정60밀리그램(펙소페나딘염산염),펙소페나딘염산염,항히스타민제,음식물,일반,warning,펙소페나딘의 흡수를 감소시킬 수 있습니다.,약효 감소,음식물과 함께 복용하지 마십시오.,-,K-Pharm API (AI Processed)
펙소지엔정60밀리그램(펙소페나딘염산염),펙소페나딘염산염,항히스타민제,알코올,음료,warning,알코올과 함께 복용 시 졸음 등의 부작용이 증가할 수 있습니다.,부작용 증가,복용 중 음주하지 마십시오.,-,K-Pharm API (AI Processed)
캐롤나이트연질캡슐,"이부프로펜, 디펜히드라민","해열진통제, 수면유도제",알코올,음료,warning,"알코올은 위장 출혈의 위험을 증가시킬 수 있으며, 캐롤나이트연질캡슐의 진정 효과를 증폭시켜 졸음을 유발할 수 있습니다.","위장 출혈 위험 증가, 과도한 졸음",복용 중에는 음주를 피하십시오.,-,K-Pharm API (AI Processed)
파워조인에스600정,Unknown,Unknown,Unknown,Unknown,no_interaction,NO_INTERACTION,NO_INTERACTION,NO_INTERACTION,-,K-Pharm API (AI Processed)
타세놀키즈시럽(아세트아미노펜),아세트아미노펜,해열진통제,알코올,음료,danger,알코올은 아세트아미노펜의 간 독성을 증가시킬 수 있습니다.,간 손상 위험 증가,매일 세 잔 이상 정기적으로 음주하는 사람은 이 약을 복용하지 마십시오.,-,K-Pharm API (AI Processed)
콜대원나이트시럽,Unknown,감기약,알코올,음료,danger,"알코올은 콜대원나이트시럽의 부작용을 증가시킬 수 있으며, 간 손상의 위험을 높일 수 있습니다.","졸음 증가, 간 손상 위험 증가",복용 중에는 음주를 피하십시오.,-,K-Pharm API (AI Processed)
마민에스정,알 수 없음,알 수 없음,알 수 없음,알 수 없음,no_interaction,NO_INTERACTION,NO_INTERACTION,NO_INTERACTION,-,K-Pharm API (AI Processed)
알레티브정60밀리그램(펙소페나딘염산염),펙소페나딘염산염,항히스타민제,자몽주스,과일,warning,펙소페나딘의 흡수를 감소시킬 수 있습니다.,약효 감소,자몽주스와 함께 복용하지 마십시오.,-,K-Pharm API (AI Processed)
알레티브정60밀리그램(펙소페나딘염산염),펙소페나딘염산염,항히스타민제,오렌지 주스,과일,warning,펙소페나딘의 흡수를 감소시킬 수 있습니다.,약효 감소,오렌지 주스와 함께 복용하지 마십시오.,-,K-Pharm API (AI Processed)
알레티브정60밀리그램(펙소페나딘염산염),펙소페나딘염산염,항히스타민제,사과 주스,과일,warning,펙소페나딘의 흡수를 감소시킬 수 있습니다.,약효 감소,사과 주스와 함께 복용하지 마십시오.,-,K-Pharm API (AI Processed)
알레티브정60밀리그램(펙소페나딘염산염),펙소페나딘염산염,항히스타민제,음식물,일반,warning,펙소페나딘의 흡수를 감소시킬 수 있습니다.,약효 감소,음식물과 함께 복용하지 마십시오.,-,K-Pharm API (AI Processed)
알레티브정60밀리그램(펙소페나딘염산염),펙소페나딘염산염,항히스타민제,알코올,음료,warning,알코올과 함께 복용 시 부작용이 증가할 수 있습니다.,"졸음, 어지러움 증가",복용 전후 음주를 피하십시오.,-,K-Pharm API (AI Processed)
파워조인에스600정,Unknown,Unknown,Unknown,Unknown,no_interaction,NO_INTERACTION,NO_INTERACTION,NO_INTERACTION,-,K-Pharm API (AI Processed)
노바멜라인장용정100밀리그램(브로멜라인),브로멜라인,소화 효소,해당 없음,해당 없음,no_interaction,해당 없음,해당 없음,해당 없음,-,K-Pharm API (AI Processed)
다이락스쎈정,Unknown,Unknown,제산제,Unknown,caution,흡수 방해,약효 감소,제산제 복용 후 1시간 이내에 이 약을 복용하지 마십시오.,-,K-Pharm API (AI Processed)
다이락스쎈정,Unknown,Unknown,우유,유제품,caution,흡수 방해,약효 감소,우유 섭취 후 1시간 이내에 이 약을 복용하지 마십시오.,-,K-Pharm API (AI Processed)
코비메타비정,Unknown,Unknown,녹차,차,caution,탄닌 성분이 약물 흡수를 방해할 수 있습니다.,약효 감소,"복용 중, 복용 전후에는 녹차를 피하십시오.",-,K-Pharm API (AI Processed)
코비메타비정,Unknown,Unknown,홍차,차,caution,탄닌 성분이 약물 흡수를 방해할 수 있습니다.,약효 감소,"복용 중, 복용 전후에는 홍차를 피하십시오.",-,K-Pharm API (AI Processed)
치킬정(디오스민),디오스민,정맥 부전 치료제,없음,없음,no_interaction,없음,없음,없음,-,K-Pharm API (AI Processed)
마이메가플러스정,Unknown,Unknown,녹차,차,warning,탄닌 성분이 약물 흡수를 방해할 수 있습니다.,약효 감소,"복용 중, 복용 전후에는 녹차를 피하십시오.",-,K-Pharm API (AI Processed)
마이메가플러스정,Unknown,Unknown,홍차,차,warning,탄닌 성분이 약물 흡수를 방해할 수 있습니다.,약효 감소,"복용 중, 복용 전후에는 홍차를 피하십시오.",-,K-Pharm API (AI Processed)
쿨노즈에프연질캡슐(펙소페나딘염산염),펙소페나딘염산염,항히스타민제,자몽주스,과일,warning,펙소페나딘의 흡수를 감소시킬 수 있습니다.,약효 감소,자몽주스와 함께 복용하지 마십시오.,-,K-Pharm API (AI Processed)
쿨노즈에프연질캡슐(펙소페나딘염산염),펙소페나딘염산염,항히스타민제,오렌지 주스,과일,warning,펙소페나딘의 흡수를 감소시킬 수 있습니다.,약효 감소,오렌지 주스와 함께 복용하지 마십시오.,-,K-Pharm API (AI Processed)
쿨노즈에프연질캡슐(펙소페나딘염산염),펙소페나딘염산염,항히스타민제,사과 주스,과일,warning,펙소페나딘의 흡수를 감소시킬 수 있습니다.,약효 감소,사과 주스와 함께 복용하지 마십시오.,-,K-Pharm API (AI Processed)
쿨노즈에프연질캡슐(펙소페나딘염산염),펙소페나딘염산염,항히스타민제,음식물,일반,caution,펙소페나딘의 흡수를 감소시킬 수 있습니다.,약효 감소,음식물과 함께 복용하지 마십시오.,-,K-Pharm API (AI Processed)
쿨노즈에프연질캡슐(펙소페나딘염산염),펙소페나딘염산염,항히스타민제,알코올,음료,caution,알코올은 펙소페나딘의 부작용을 증가시킬 수 있습니다.,"졸음, 어지러움 등의 부작용 증가",복용 전후 음주를 피하십시오.,-,K-Pharm API (AI Processed)
콜대원노즈큐에스시럽,Unknown,감기약,알코올,음료,danger,알코올은 약물의 부작용을 증가시키고 간 손상을 유발할 수 있습니다.,"간 손상 위험 증가, 졸음 증가",복용 중에는 음주를 피하십시오.,-,K-Pharm API (AI Processed)
그날엔코프에이연질캡슐,Unknown,Unknown,알코올,음료,danger,알코올은 약물의 부작용을 증가시키고 간 손상을 악화시킬 수 있습니다.,"간 손상 위험 증가, 부작용 증가",복용 중에는 음주를 피하십시오.,-,K-Pharm API (AI Processed)
조인액트800정,Unknown,Unknown,녹차,차,warning,탄닌 성분이 약물 흡수를 방해할 수 있습니다.,약효 감소,"복용 중, 복용 전후에는 녹차를 피하십시오.",-,K-Pharm API (AI Processed)
조인액트800정,Unknown,Unknown,홍차,차,warning,탄닌 성분이 약물 흡수를 방해할 수 있습니다.,약효 감소,"복용 중, 복용 전후에는 홍차를 피하십시오.",-,K-Pharm API (AI Processed)
그날엔콜드에이연질캡슐,Unknown,Unknown,알코올,알코올,danger,알코올은 약물의 부작용을 증가시키고 간 손상을 악화시킬 수 있습니다.,"간 손상 위험 증가, 졸음 증가",복용 중에는 음주하지 마십시오.,-,K-Pharm API (AI Processed)
맥스케어정,Unknown,Unknown,녹차,차,warning,탄닌 성분이 약물 흡수를 방해할 수 있습니다.,약효 감소,"복용 중, 복용 전후에는 녹차를 피하십시오.",-,K-Pharm API (AI Processed)
맥스케어정,Unknown,Unknown,홍차,차,warning,탄닌 성분이 약물 흡수를 방해할 수 있습니다.,약효 감소,"복용 중, 복용 전후에는 홍차를 피하십시오.",-,K-Pharm API (AI Processed)
에이치콜연질캡슐,Unknown,Unknown,알코올,음료,danger,"알코올은 간 손상을 유발할 수 있으며, 에이치콜연질캡슐의 아세트아미노펜 성분 또한 간 손상의 위험을 증가시킬 수 있습니다.",간 손상 위험 증가,복용 중에는 음주를 피하십시오.,-,K-Pharm API (AI Processed)
이지클린장용연질캡슐,Unknown,Unknown,우유,유제품,caution,제산제와 함께 복용 시 약물 흡수에 영향을 미칠 수 있음.,약효 감소 가능성,우유 섭취 후 1시간 이내에는 이 약을 복용하지 마십시오.,-,K-Pharm API (AI Processed)
하벤허브골드캡슐,Unknown,Unknown,알코올,알코올,danger,"알코올은 간 손상을 유발할 수 있으며, 하벤허브골드캡슐의 아세트아미노펜 성분과 함께 복용 시 간 손상의 위험을 증가시킬 수 있습니다.",간 손상 위험 증가,복용 중에는 음주하지 마십시오.,-,K-Pharm API (AI Processed)
디오치민정(디오스민),디오스민,"정맥 부전 치료제, 치질 치료제",대두유,유지류,danger,알레르기 반응 유발 가능성,"알레르기 반응 (두드러기, 가려움, 호흡 곤란 등)",복용 금지,-,K-Pharm API (AI Processed)
디오치민정(디오스민),디오스민,"정맥 부전 치료제, 치질 치료제",콩,콩류,danger,알레르기 반응 유발 가능성,"알레르기 반응 (두드러기, 가려움, 호흡 곤란 등)",복용 금지,-,K-Pharm API (AI Processed)
디오치민정(디오스민),디오스민,"정맥 부전 치료제, 치질 치료제",땅콩,견과류,danger,알레르기 반응 유발 가능성,"알레르기 반응 (두드러기, 가려움, 호흡 곤란 등)",복용 금지,-,K-Pharm API (AI Processed)
하이렉스정,Unknown,Unknown,녹차,차,warning,탄닌 성분이 약물 흡수를 방해할 수 있습니다.,약효 감소,"복용 중, 복용 전후에는 녹차를 피하십시오.",-,K-Pharm API (AI Processed)
하이렉스정,Unknown,Unknown,홍차,차,warning,탄닌 성분이 약물 흡수를 방해할 수 있습니다.,약효 감소,"복용 중, 복용 전후에는 홍차를 피하십시오.",-,K-Pharm API (AI Processed)
비메진정,Unknown,Unknown,NO_INTERACTION,NO_INTERACTION,no_interaction,NO_INTERACTION,NO_INTERACTION,NO_INTERACTION,-,K-Pharm API (AI Processed)
종근당조인트콘드로정,Unknown,Unknown,녹차,차,caution,탄닌 성분과의 상호작용,약물 흡수 방해 가능성,"복용 중, 복용 전후에는 피하십시오.",-,K-Pharm API (AI Processed)
종근당조인트콘드로정,Unknown,Unknown,홍차,차,caution,탄닌 성분과의 상호작용,약물 흡수 방해 가능성,"복용 중, 복용 전후에는 피하십시오.",-,K-Pharm API (AI Processed)
마그포에이드연질캡슐,Unknown,Unknown,녹차,차,warning,탄닌 성분이 약물 흡수를 방해할 수 있습니다.,약효 감소,"복용 중, 복용 전후에는 녹차를 피하십시오.",-,K-Pharm API (AI Processed)
마그포에이드연질캡슐,Unknown,Unknown,홍차,차,warning,탄닌 성분이 약물 흡수를 방해할 수 있습니다.,약효 감소,"복용 중, 복용 전후에는 홍차를 피하십시오.",-,K-Pharm API (AI Processed)
메타리빈액0.05%(자일로메타졸린염산염),자일로메타졸린염산염,비충혈제거제,알코올,음료,warning,"자세한 기전은 명시되지 않았지만, 알코올과 함께 복용 시 부작용 위험이 증가할 수 있습니다.",부작용 위험 증가,약물 사용 중에는 음주를 피하십시오.,-,K-Pharm API (AI Processed)
하이펜에스정,아세트아미노펜,해열진통제,알코올,음료,danger,알코올은 아세트아미노펜의 간 독성을 증가시킬 수 있습니다.,간 손상 위험 증가.,복용 중에는 음주를 피하십시오.,-,K-Pharm API (AI Processed)
알러진정60밀리그램(펙소페나딘염산염),펙소페나딘염산염,항히스타민제,자몽주스,과일,warning,펙소페나딘의 흡수를 감소시킬 수 있습니다.,약효 감소,자몽주스와 함께 복용하지 마십시오.,-,K-Pharm API (AI Processed)
알러진정60밀리그램(펙소페나딘염산염),펙소페나딘염산염,항히스타민제,오렌지 주스,과일,warning,펙소페나딘의 흡수를 감소시킬 수 있습니다.,약효 감소,오렌지 주스와 함께 복용하지 마십시오.,-,K-Pharm API (AI Processed)
알러진정60밀리그램(펙소페나딘염산염),펙소페나딘염산염,항히스타민제,사과 주스,과일,warning,펙소페나딘의 흡수를 감소시킬 수 있습니다.,약효 감소,사과 주스와 함께 복용하지 마십시오.,-,K-Pharm API (AI Processed)
알러진정60밀리그램(펙소페나딘염산염),펙소페나딘염산염,항히스타민제,음식물,일반,caution,펙소페나딘의 흡수를 감소시킬 수 있습니다.,약효 감소,음식물과 함께 복용하지 마십시오.,-,K-Pharm API (AI Processed)
알러진정60밀리그램(펙소페나딘염산염),펙소페나딘염산염,항히스타민제,알코올,음료,caution,알코올과 함께 복용 시 졸음 등의 부작용이 증가할 수 있습니다.,부작용 증가,복용 전후 음주를 피하십시오.,-,K-Pharm API (AI Processed)
머슬펜에프정,Unknown,Unknown,알코올,알코올,warning,"알코올은 간 손상을 유발할 수 있으며, 머슬펜에프정의 아세트아미노펜 성분 또한 간 손상의 위험을 증가시킬 수 있습니다.",간 손상 위험 증가,복용 시 음주를 피하십시오.,-,K-Pharm API (AI Processed)
알보칼디정,Unknown,Unknown,녹차,차,warning,탄닌 성분이 약물 흡수를 방해할 수 있습니다.,약효 감소,복용 전후에 녹차를 피하십시오.,-,K-Pharm API (AI Processed)
알보칼디정,Unknown,Unknown,홍차,차,warning,탄닌 성분이 약물 흡수를 방해할 수 있습니다.,약효 감소,복용 전후에 홍차를 피하십시오.,-,K-Pharm API (AI Processed)
프라디오정(디오스민),디오스민,"정맥 부전 치료제, 치질 치료제",없음,없음,no_interaction,없음,없음,없음,-,K-Pharm API (AI Processed)
타이센정500밀리그램(아세트아미노펜),아세트아미노펜,해열진통제,알코올,음료,warning,아세트아미노펜과 알코올의 병용은 간 손상의 위험을 증가시킬 수 있습니다.,간 손상 위험 증가,"매일 세 잔 이상 정기적으로 음주하는 경우, 이 약 복용 전 의사 또는 약사와 상의하십시오.",-,K-Pharm API (AI Processed)
그날엔에이스연질캡슐,아세트아미노펜,해열진통제,알코올,알코올,danger,알코올은 아세트아미노펜의 간 독성을 증가시킬 수 있습니다.,간 손상 위험 증가,복용 시 음주를 피하십시오.,-,K-Pharm API (AI Processed)
아이렌정,Unknown,Unknown,알코올,알코올,danger,간 손상 위험 증가,간 손상 위험 증가,복용 중에는 음주하지 마십시오.,-,K-Pharm API (AI Processed)
엑세라민엔정,Unknown,Unknown,녹차,차,warning,탄닌 성분이 약물 흡수를 방해할 수 있습니다.,약효 감소,"복용 중, 복용 전후에는 녹차를 피하십시오.",-,K-Pharm API (AI Processed)
엑세라민엔정,Unknown,Unknown,홍차,차,warning,탄닌 성분이 약물 흡수를 방해할 수 있습니다.,약효 감소,"복용 중, 복용 전후에는 홍차를 피하십시오.",-,K-Pharm API (AI Processed)
알지퀵연질캡슐(펙소페나딘염산염),펙소페나딘염산염,항히스타민제,자몽주스,과일,warning,펙소페나딘의 흡수를 감소시킬 수 있습니다.,약효 감소,자몽주스와 함께 복용하지 마십시오.,-,K-Pharm API (AI Processed)
알지퀵연질캡슐(펙소페나딘염산염),펙소페나딘염산염,항히스타민제,오렌지 주스,과일,warning,펙소페나딘의 흡수를 감소시킬 수 있습니다.,약효 감소,오렌지 주스와 함께 복용하지 마십시오.,-,K-Pharm API (AI Processed)
알지퀵연질캡슐(펙소페나딘염산염),펙소페나딘염산염,항히스타민제,사과 주스,과일,warning,펙소페나딘의 흡수를 감소시킬 수 있습니다.,약효 감소,사과 주스와 함께 복용하지 마십시오.,-,K-Pharm API (AI Processed)
알지퀵연질캡슐(펙소페나딘염산염),펙소페나딘염산염,항히스타민제,음식물,일반,warning,펙소페나딘의 흡수를 감소시킬 수 있습니다.,약효 감소,음식물과 함께 복용하지 마십시오.,-,K-Pharm API (AI Processed)
알지퀵연질캡슐(펙소페나딘염산염),펙소페나딘염산염,항히스타민제,알코올,음료,warning,알코올과 함께 복용 시 졸음 등의 부작용이 증가할 수 있습니다.,부작용 증가,복용 전후 음주하지 마십시오.,-,K-Pharm API (AI Processed)
마그메코정,Unknown,Unknown,녹차,차,warning,탄닌 성분이 약물 흡수를 방해할 수 있습니다.,약효 감소,"복용 중, 복용 전후에는 녹차를 피하십시오.",-,K-Pharm API (AI Processed)
마그메코정,Unknown,Unknown,홍차,차,warning,탄닌 성분이 약물 흡수를 방해할 수 있습니다.,약효 감소,"복용 중, 복용 전후에는 홍차를 피하십시오.",-,K-Pharm API (AI Processed)
코큐텐비타알부엑스정,Unknown,Unknown,녹차,차,warning,탄닌 성분이 약물 흡수를 방해할 수 있습니다.,약효 감소,복용 중 또는 복용 전후에는 녹차를 피하십시오.,-,K-Pharm API (AI Processed)
코큐텐비타알부엑스정,Unknown,Unknown,홍차,차,warning,탄닌 성분이 약물 흡수를 방해할 수 있습니다.,약효 감소,복용 중 또는 복용 전후에는 홍차를 피하십시오.,-,K-Pharm API (AI Processed)
벤포바이타나이스정,Unknown,Unknown,녹차,차,warning,탄닌 성분이 약물 흡수를 방해할 수 있습니다.,약물 효과 감소,"복용 중, 복용 전후에는 녹차를 피하십시오.",-,K-Pharm API (AI Processed)
벤포바이타나이스정,Unknown,Unknown,홍차,차,warning,탄닌 성분이 약물 흡수를 방해할 수 있습니다.,약물 효과 감소,"복용 중, 복용 전후에는 홍차를 피하십시오.",-,K-Pharm API (AI Processed)
마그킹코발정,Unknown,Unknown,녹차,차,warning,탄닌 성분은 약물 흡수를 방해할 수 있습니다.,약물 효과 감소,복용 중 또는 복용 전후에는 녹차를 피하십시오.,-,K-Pharm API (AI Processed)
마그킹코발정,Unknown,Unknown,홍차,차,warning,탄닌 성분은 약물 흡수를 방해할 수 있습니다.,약물 효과 감소,복용 중 또는 복용 전후에는 홍차를 피하십시오.,-,K-Pharm API (AI Processed)
비타콘틴800정,Unknown,Unknown,녹차,차,warning,탄닌 성분이 약물 흡수를 방해할 수 있습니다.,약효 감소,"복용 중, 복용 전후에는 녹차를 피하십시오.",-,K-Pharm API (AI Processed)
비타콘틴800정,Unknown,Unknown,홍차,차,warning,탄닌 성분이 약물 흡수를 방해할 수 있습니다.,약효 감소,"복용 중, 복용 전후에는 홍차를 피하십시오.",-,K-Pharm API (AI Processed)
인크린에스정,Unknown,Unknown,우유,유제품,caution,제산제 복용 또는 우유 섭취 후 1시간 이내에 약물 흡수에 영향을 줄 수 있음.,약물 효과 감소 가능성.,제산제 복용 또는 우유 섭취 후 1시간 간격을 두고 복용하십시오.,-,K-Pharm API (AI Processed)
알리코비오틴정5밀리그램(비오틴),비오틴,비타민,날계란,계란,warning,날계란에 함유된 아비딘이 비오틴의 흡수를 방해할 수 있습니다.,비오틴의 효과 감소,날계란과 함께 복용하지 마십시오.,-,K-Pharm API (AI Processed)
칼페온정,Unknown,Unknown,녹차,차,warning,탄닌 성분이 약물 흡수를 방해할 수 있습니다.,약효 감소,복용 전후에 녹차를 피하십시오.,-,K-Pharm API (AI Processed)
칼페온정,Unknown,Unknown,홍차,차,warning,탄닌 성분이 약물 흡수를 방해할 수 있습니다.,약효 감소,복용 전후에 홍차를 피하십시오.,-,K-Pharm API (AI Processed)
챔프콜드펜시럽,Unknown,감기약,알코올,음료,danger,알코올은 챔프콜드펜시럽의 부작용을 악화시키거나 간 손상의 위험을 증가시킬 수 있습니다.,"간 손상, 졸음 증가, 부작용 악화",챔프콜드펜시럽 복용 중에는 음주를 피하십시오.,-,K-Pharm API (AI Processed)
맥스콘드로이틴1200경구용겔(콘드로이틴설페이트나트륨),콘드로이틴설페이트나트륨,관절염 치료제,없음,없음,no_interaction,없음,없음,없음,-,K-Pharm API (AI Processed)
스파맥에스정,Unknown,Unknown,알코올,음료,warning,"알코올은 간 손상을 유발할 수 있으며, 스파맥에스정의 아세트아미노펜 성분과 함께 복용 시 간 손상 위험을 증가시킬 수 있습니다.",간 손상 위험 증가,복용 시 음주를 피하십시오.,-,K-Pharm API (AI Processed)
판피린에이액,Unknown,감기약,알코올,음료,danger,알코올은 판피린에이액의 부작용을 증가시키거나 간 손상의 위험을 높일 수 있습니다.,"간 손상 위험 증가, 졸음 증가",복용 중에는 음주하지 마십시오.,-,K-Pharm API (AI Processed)
하디코플러스정,Unknown,Unknown,알코올,알코올,danger,알코올은 약물의 부작용을 증가시키고 간 손상을 악화시킬 수 있습니다.,"간 손상 위험 증가, 졸음 증가",복용 중 음주를 피하십시오.,-,K-Pharm API (AI Processed)
가넥트액,Unknown,Unknown,NO_INTERACTION,NO_INTERACTION,no_interaction,NO_INTERACTION,NO_INTERACTION,NO_INTERACTION,-,K-Pharm API (AI Processed)
파워제타비정,Unknown,Unknown,녹차,차,warning,탄닌 성분이 약물 흡수를 방해할 수 있습니다.,약효 감소,"복용 중, 복용 전, 후에는 녹차를 피하십시오.",-,K-Pharm API (AI Processed)
파워제타비정,Unknown,Unknown,홍차,차,warning,탄닌 성분이 약물 흡수를 방해할 수 있습니다.,약효 감소,"복용 중, 복용 전, 후에는 홍차를 피하십시오.",-,K-Pharm API (AI Processed)
쎈비큐정,Unknown,Unknown,녹차,차,warning,탄닌 성분이 약물 흡수를 방해할 수 있습니다.,약효 감소,"복용 중, 복용 전후에는 녹차를 피하십시오.",-,K-Pharm API (AI Processed)
쎈비큐정,Unknown,Unknown,홍차,차,warning,탄닌 성분이 약물 흡수를 방해할 수 있습니다.,약효 감소,"복용 중, 복용 전후에는 홍차를 피하십시오.",-,K-Pharm API (AI Processed)
그날엔노즈에이연질캡슐,Unknown,Unknown,알코올,음료,danger,알코올은 약물의 부작용을 증가시키거나 간 손상을 악화시킬 수 있습니다.,"간 손상 위험 증가, 졸음 증가",복용 중에는 음주하지 마십시오.,-,K-Pharm API (AI Processed)
알러젯연질캡슐(펙소페나딘염산염),펙소페나딘염산염,항히스타민제,자몽주스,과일,warning,펙소페나딘의 흡수를 감소시킬 수 있습니다.,약효 감소,자몽주스와 함께 복용하지 마십시오.,-,K-Pharm API (AI Processed)
알러젯연질캡슐(펙소페나딘염산염),펙소페나딘염산염,항히스타민제,오렌지 주스,과일,warning,펙소페나딘의 흡수를 감소시킬 수 있습니다.,약효 감소,오렌지 주스와 함께 복용하지 마십시오.,-,K-Pharm API (AI Processed)
알러젯연질캡슐(펙소페나딘염산염),펙소페나딘염산염,항히스타민제,사과 주스,과일,warning,펙소페나딘의 흡수를 감소시킬 수 있습니다.,약효 감소,사과 주스와 함께 복용하지 마십시오.,-,K-Pharm API (AI Processed)
알러젯연질캡슐(펙소페나딘염산염),펙소페나딘염산염,항히스타민제,음식물,일반,caution,펙소페나딘의 흡수를 감소시킬 수 있습니다.,약효 감소,음식물과 함께 복용하지 마십시오.,-,K-Pharm API (AI Processed)
알러젯연질캡슐(펙소페나딘염산염),펙소페나딘염산염,항히스타민제,알코올,음료,caution,알코올과 함께 복용 시 졸음 등의 부작용이 증가할 수 있습니다.,부작용 증가,복용 전후 음주하지 마십시오.,-,K-Pharm API (AI Processed)
다펜나이트연질캡슐,"이부프로펜, 디펜히드라민","해열진통제, 항히스타민제",알코올,음료,warning,위장 출혈 위험 증가,위장 출혈 가능성 증가,복용 중에는 음주하지 마십시오.,-,K-Pharm API (AI Processed)
오메코에프정,Unknown,Unknown,알코올,음료,danger,"알코올은 간 손상을 유발할 수 있으며, 오메코에프정의 아세트아미노펜 성분과 함께 복용 시 간 손상 위험을 증가시킬 수 있습니다.",간 손상 위험 증가,복용 시 음주를 피하십시오.,-,K-Pharm API (AI Processed)
마로씬정,알 수 없음,알 수 없음,우유,유제품,caution,흡수 감소 가능성,약효 감소 가능성,우유 섭취 후 1시간 이내에는 복용하지 마십시오.,-,K-Pharm API (AI Processed)
젤라펜에스정,아세트아미노펜,해열진통제,알코올,알코올,danger,"알코올은 간 손상을 유발할 수 있으며, 아세트아미노펜과 함께 복용 시 간 손상 위험이 증가합니다.",간 손상 위험 증가,복용 시 음주를 피하십시오.,-,K-Pharm API (AI Processed)
콜드팡코프시럽,Unknown,Unknown,알코올,알코올,warning,알코올은 약물의 부작용을 증가시키거나 간 손상을 악화시킬 수 있습니다.,"부작용 증가, 간 손상 위험 증가",복용 시 음주를 피하십시오.,-,K-Pharm API (AI Processed)
니오틴정(비오틴),비오틴,비타민,날계란,계란,warning,비오틴은 날계란에 함유된 아비딘과 결합하여 비오틴의 흡수를 방해할 수 있습니다.,비오틴의 효과 감소,날계란과 함께 복용하지 마십시오.,-,K-Pharm API (AI Processed)
팩트라민투엑스정,Unknown,Unknown,녹차,차,warning,탄닌 성분이 약물 흡수를 방해할 수 있습니다.,약물 효과 감소,복용 중 또는 복용 전후에는 녹차를 피하십시오.,-,K-Pharm API (AI Processed)
팩트라민투엑스정,Unknown,Unknown,홍차,차,warning,탄닌 성분이 약물 흡수를 방해할 수 있습니다.,약물 효과 감소,복용 중 또는 복용 전후에는 홍차를 피하십시오.,-,K-Pharm API (AI Processed)
마더스민정600밀리그램(디오스민),디오스민,"정맥 부전 치료제, 치질 치료제",대두유,유지류,danger,대두유 과민증 환자에게는 투여 금지.,알레르기 반응,대두유 과민증 환자는 복용을 피하십시오.,-,K-Pharm API (AI Processed)
마더스민정600밀리그램(디오스민),디오스민,"정맥 부전 치료제, 치질 치료제",콩,콩류,danger,콩 과민증 환자에게는 투여 금지.,알레르기 반응,콩 과민증 환자는 복용을 피하십시오.,-,K-Pharm API (AI Processed)
마더스민정600밀리그램(디오스민),디오스민,"정맥 부전 치료제, 치질 치료제",땅콩,견과류,danger,땅콩 과민증 환자에게는 투여 금지.,알레르기 반응,땅콩 과민증 환자는 복용을 피하십시오.,-,K-Pharm API (AI Processed)
씨엠지마그액,Unknown,Unknown,녹차,차,warning,탄닌 성분은 약물 흡수를 방해할 수 있습니다.,약물 효과 감소,"복용 중, 복용 전후에는 녹차를 피하십시오.",-,K-Pharm API (AI Processed)
씨엠지마그액,Unknown,Unknown,홍차,차,warning,탄닌 성분은 약물 흡수를 방해할 수 있습니다.,약물 효과 감소,"복용 중, 복용 전후에는 홍차를 피하십시오.",-,K-Pharm API (AI Processed)
비스칸비캡슐,Unknown,Unknown,식사,일반 음식,caution,약물 흡수에 영향을 미칠 수 있음.,약효 감소 또는 증가 가능성.,식후 또는 식간에 복용하십시오.,-,K-Pharm API (AI Processed)
뉴흑과립(약용탄),약용탄,해독제,아이스크림,유제품,warning,약용탄의 흡착력 저하,약용탄의 효과 감소,함께 복용하지 마십시오.,-,K-Pharm API (AI Processed)
뉴흑과립(약용탄),약용탄,해독제,샤벳,유제품,warning,약용탄의 흡착력 저하,약용탄의 효과 감소,함께 복용하지 마십시오.,-,K-Pharm API (AI Processed)
보나링스피드액,Unknown,Unknown,알코올 음료,알코올,warning,알코올은 이 약의 졸음 유발 효과를 증가시킬 수 있습니다.,"졸음 증가, 부작용 위험 증가",이 약을 복용하는 동안 알코올 음료를 마시지 마십시오.,-,K-Pharm API (AI Processed)
타세놀키즈시럽(아세트아미노펜),아세트아미노펜,해열진통제,알코올,음료,danger,알코올은 아세트아미노펜의 간 독성을 증가시킬 수 있습니다.,간 손상 위험 증가,매일 세 잔 이상 정기적으로 음주하는 사람은 이 약을 복용하기 전에 의사 또는 약사와 상의하십시오. 복용하지 않는 것이 좋습니다.,-,K-Pharm API (AI Processed)
콜대원나이트시럽,Unknown,감기약,알코올,알코올,danger,알코올은 콜대원나이트시럽의 부작용을 악화시키고 간 손상의 위험을 증가시킬 수 있습니다.,"졸음 증가, 간 손상 위험 증가",복용 중에는 음주를 피하십시오.,-,K-Pharm API (AI Processed)
마민에스정,알 수 없음,알 수 없음,알 수 없음,알 수 없음,no_interaction,NO_INTERACTION,NO_INTERACTION,NO_INTERACTION,-,K-Pharm API (AI Processed)
알레티브정60밀리그램(펙소페나딘염산염),펙소페나딘염산염,항히스타민제,자몽주스,과일,warning,펙소페나딘의 흡수를 감소시킬 수 있습니다.,약효 감소,자몽주스와 함께 복용하지 마십시오.,-,K-Pharm API (AI Processed)
알레티브정60밀리그램(펙소페나딘염산염),펙소페나딘염산염,항히스타민제,오렌지 주스,과일,warning,펙소페나딘의 흡수를 감소시킬 수 있습니다.,약효 감소,오렌지 주스와 함께 복용하지 마십시오.,-,K-Pharm API (AI Processed)
알레티브정60밀리그램(펙소페나딘염산염),펙소페나딘염산염,항히스타민제,사과 주스,과일,warning,펙소페나딘의 흡수를 감소시킬 수 있습니다.,약효 감소,사과 주스와 함께 복용하지 마십시오.,-,K-Pharm API (AI Processed)
알레티브정60밀리그램(펙소페나딘염산염),펙소페나딘염산염,항히스타민제,음식물,일반,warning,펙소페나딘의 흡수를 감소시킬 수 있습니다.,약효 감소,음식물과 함께 복용하지 마십시오.,-,K-Pharm API (AI Processed)
알레티브정60밀리그램(펙소페나딘염산염),펙소페나딘염산염,항히스타민제,알코올,음료,warning,알코올과 함께 복용 시 부작용이 증가할 수 있습니다.,"졸음, 어지러움 등의 부작용 증가",복용 전후 음주를 피하십시오.,-,K-Pharm API (AI Processed)
투웰스정,Unknown,Unknown,녹차,차,warning,탄닌 성분은 약물 흡수를 방해할 수 있습니다.,약물 효과 감소,"복용 중, 복용 전후에는 녹차를 피하십시오.",-,K-Pharm API (AI Processed)
투웰스정,Unknown,Unknown,홍차,차,warning,탄닌 성분은 약물 흡수를 방해할 수 있습니다.,약물 효과 감소,"복용 중, 복용 전후에는 홍차를 피하십시오.",-,K-Pharm API (AI Processed)
비코그린에스플러스정,Unknown,Unknown,우유,유제품,caution,정제의 흡수를 방해할 수 있음.,약효 감소 가능성.,우유 섭취 후 1시간 이내에는 이 약을 복용하지 마십시오.,-,K-Pharm API (AI Processed)
파워비큐콘티뉴800정,Unknown,Unknown,녹차,차,warning,탄닌 성분이 약물 흡수를 방해할 수 있습니다.,약효 감소,"복용 중, 복용 전후에는 녹차를 피하십시오.",-,K-Pharm API (AI Processed)
파워비큐콘티뉴800정,Unknown,Unknown,홍차,차,warning,탄닌 성분이 약물 흡수를 방해할 수 있습니다.,약효 감소,"복용 중, 복용 전후에는 홍차를 피하십시오.",-,K-Pharm API (AI Processed)
파비안디정,Unknown,Unknown,알코올,알코올,danger,알코올은 파비안디정의 간 손상 위험을 증가시킬 수 있습니다.,간 손상 위험 증가,파비안디정을 복용하는 동안 음주를 피하십시오.,-,K-Pharm API (AI Processed)
이로스펜정,Unknown,Unknown,알코올,알코올,danger,알코올과 함께 복용 시 간 손상 위험 증가,간 손상,복용 중에는 음주하지 마십시오.,-,K-Pharm API (AI Processed)
러지엔톡액(세티리진염산염),세티리진염산염,항히스타민제,알코올,음료,warning,세티리진과 알코올의 병용은 진정 효과를 증가시킬 수 있습니다.,"졸음, 집중력 저하, 운전 능력 저하 등 부작용 증가.",이 약을 복용하는 동안 과량의 알코올 섭취를 피하십시오.,-,K-Pharm API (AI Processed)
비피알레액(세티리진염산염),세티리진염산염,항히스타민제,알코올,음료,warning,"알코올은 중추신경계 억제 효과를 가지며, 세티리진과 함께 복용 시 졸음, 집중력 저하 등 부작용을 증가시킬 수 있습니다.","경계심 감소, 수행 능력 저하",알코올과 함께 복용하지 마십시오. 의사 또는 약사와 상의하십시오.,-,K-Pharm API (AI Processed)
엑세라민에이정,Unknown,Unknown,녹차,차,warning,탄닌 성분이 약물 흡수를 방해할 수 있습니다.,약효 감소,"복용 중, 복용 전후에는 녹차를 피하십시오.",-,K-Pharm API (AI Processed)
엑세라민에이정,Unknown,Unknown,홍차,차,warning,탄닌 성분이 약물 흡수를 방해할 수 있습니다.,약효 감소,"복용 중, 복용 전후에는 홍차를 피하십시오.",-,K-Pharm API (AI Processed)
콜대원노즈큐에스시럽,Unknown,감기약,알코올,음료,danger,알코올은 약물의 부작용을 증가시키고 간 손상을 유발할 수 있습니다.,"간 손상 위험 증가, 졸음 증가",복용 중에는 음주를 피하십시오.,-,K-Pharm API (AI Processed)
그날엔코프에이연질캡슐,Unknown,Unknown,알코올,음료,danger,알코올은 이 약의 부작용을 증가시키거나 간 손상의 위험을 높일 수 있습니다.,"간 손상 위험 증가, 부작용 악화",복용 중에는 음주를 피하십시오.,-,K-Pharm API (AI Processed)
조인액트800정,Unknown,Unknown,녹차,차,warning,탄닌 성분이 약물 흡수를 방해할 수 있습니다.,약물 효과 감소,"복용 중, 복용 전후에는 녹차를 피하십시오.",-,K-Pharm API (AI Processed)
조인액트800정,Unknown,Unknown,홍차,차,warning,탄닌 성분이 약물 흡수를 방해할 수 있습니다.,약물 효과 감소,"복용 중, 복용 전후에는 홍차를 피하십시오.",-,K-Pharm API (AI Processed)
그날엔콜드에이연질캡슐,Unknown,Unknown,알코올,알코올,warning,"알코올은 약물의 부작용을 증가시킬 수 있으며, 간 손상의 위험을 높일 수 있습니다.","간 손상 위험 증가, 졸음 증가",복용 시 음주를 피하십시오.,-,K-Pharm API (AI Processed)
맥스케어정,Unknown,Unknown,녹차,차,warning,탄닌 성분이 약물 흡수를 방해할 수 있습니다.,약효 감소,"복용 중, 복용 전후에는 녹차를 피하십시오.",-,K-Pharm API (AI Processed)
맥스케어정,Unknown,Unknown,홍차,차,warning,탄닌 성분이 약물 흡수를 방해할 수 있습니다.,약효 감소,"복용 중, 복용 전후에는 홍차를 피하십시오.",-,K-Pharm API (AI Processed)
에이치콜연질캡슐,Unknown,Unknown,알코올,음료,danger,알코올은 에이치콜연질캡슐의 부작용을 악화시키거나 간 손상의 위험을 증가시킬 수 있습니다.,"간 손상 위험 증가, 졸음 증가",복용 중에는 음주를 피하십시오.,-,K-Pharm API (AI Processed)
이지클린장용연질캡슐,Unknown,Unknown,우유,유제품,caution,제산제 복용 또는 우유 섭취 후 1시간 이내에 이 약을 복용하지 마십시오.,약물 흡수 방해 가능성,우유 섭취 후 1시간 간격을 두고 복용하십시오.,-,K-Pharm API (AI Processed)
하벤허브골드캡슐,Unknown,Unknown,알코올,음료,danger,"알코올은 간 손상을 유발할 수 있으며, 하벤허브골드캡슐의 아세트아미노펜 성분과 함께 복용 시 간 손상 위험을 증가시킬 수 있습니다.",간 손상 위험 증가,복용 중에는 음주하지 마십시오.,-,K-Pharm API (AI Processed)
툴스블라인정 ,Unknown,Unknown,NO_INTERACTION,NO_INTERACTION,no_interaction,NO_INTERACTION,NO_INTERACTION,NO_INTERACTION,-,K-Pharm API (AI Processed)
씨엠지씽씽시럽,Unknown,Unknown,알코올 음료,알코올,warning,알코올은 약물의 진정 효과를 증가시킬 수 있습니다.,"과도한 졸음, 어지러움, 호흡 억제 등의 부작용이 나타날 수 있습니다.",알코올 음료를 마시지 마십시오.,-,K-Pharm API (AI Processed)
마하펜정500밀리그램(아세트아미노펜),아세트아미노펜,해열진통제,알코올,알코올,danger,간 손상 위험 증가,간 손상,알코올을 복용하는 사람은 이 약을 복용하지 마십시오.,-,K-Pharm API (AI Processed)
인코드아이연질캡슐,비타민 A,비타민,Unknown,Unknown,caution,"정상적인 식이를 통해 비타민 A가 충분히 공급되므로, 과다 복용에 주의해야 함.",비타민 A 과다 복용 시 선천성 기형 유발 가능성.,"비타민 A 보충제 복용 시 1일 5,000 IU를 초과하지 않도록 주의.",-,K-Pharm API (AI Processed)
마그포스스피드액,Unknown,Unknown,녹차,차,warning,탄닌 성분이 약물 흡수를 방해할 수 있습니다.,약효 감소,"복용 중, 복용 전후에는 녹차를 피하십시오.",-,K-Pharm API (AI Processed)
마그포스스피드액,Unknown,Unknown,홍차,차,warning,탄닌 성분이 약물 흡수를 방해할 수 있습니다.,약효 감소,"복용 중, 복용 전후에는 홍차를 피하십시오.",-,K-Pharm API (AI Processed)
임팩스피드액,Unknown,Unknown,녹차,차,warning,탄닌 성분이 약물 흡수를 방해할 수 있습니다.,약물 효과 감소,"복용 중, 복용 전후에는 녹차를 피하십시오.",-,K-Pharm API (AI Processed)
임팩스피드액,Unknown,Unknown,홍차,차,warning,탄닌 성분이 약물 흡수를 방해할 수 있습니다.,약물 효과 감소,"복용 중, 복용 전후에는 홍차를 피하십시오.",-,K-Pharm API (AI Processed)
콘드럭알파정,Unknown,Unknown,Unknown,Unknown,no_interaction,NO_INTERACTION,NO_INTERACTION,NO_INTERACTION,-,K-Pharm API (AI Processed)
알레톡정60밀리그램(펙소페나딘염산염),펙소페나딘염산염,항히스타민제,자몽주스,과일,caution,펙소페나딘의 흡수를 감소시킬 수 있습니다.,약효 감소,자몽주스와 함께 복용하지 마십시오.,-,K-Pharm API (AI Processed)
알레톡정60밀리그램(펙소페나딘염산염),펙소페나딘염산염,항히스타민제,오렌지 주스,과일,caution,펙소페나딘의 흡수를 감소시킬 수 있습니다.,약효 감소,오렌지 주스와 함께 복용하지 마십시오.,-,K-Pharm API (AI Processed)
알레톡정60밀리그램(펙소페나딘염산염),펙소페나딘염산염,항히스타민제,사과 주스,과일,caution,펙소페나딘의 흡수를 감소시킬 수 있습니다.,약효 감소,사과 주스와 함께 복용하지 마십시오.,-,K-Pharm API (AI Processed)
알레톡정60밀리그램(펙소페나딘염산염),펙소페나딘염산염,항히스타민제,음식물,일반,caution,펙소페나딘의 흡수를 감소시킬 수 있습니다.,약효 감소,음식물과 함께 복용하지 마십시오.,-,K-Pharm API (AI Processed)
알레톡정60밀리그램(펙소페나딘염산염),펙소페나딘염산염,항히스타민제,알코올,음료,caution,알코올과 함께 복용 시 졸음 등의 부작용이 증가할 수 있습니다.,부작용 증가,복용 중에는 음주하지 마십시오.,-,K-Pharm API (AI Processed)
메타리빈액0.05%(자일로메타졸린염산염),자일로메타졸린염산염,비충혈제거제,알코올,음료,warning,"자세한 상호작용 기전은 명시되지 않았지만, 알코올과 함께 복용 시 부작용 위험이 증가할 수 있습니다.",부작용 위험 증가,약물 사용 중에는 음주를 피하십시오.,-,K-Pharm API (AI Processed)
하이펜에스정,아세트아미노펜,해열진통제,알코올,음료,danger,"알코올은 간 손상을 유발할 수 있으며, 아세트아미노펜과 함께 복용 시 간 손상 위험을 증가시킵니다.",간 손상 위험 증가,복용 시 음주를 피하십시오.,-,K-Pharm API (AI Processed)
알러진정60밀리그램(펙소페나딘염산염),펙소페나딘염산염,항히스타민제,자몽주스,과일,warning,펙소페나딘의 흡수를 감소시킬 수 있습니다.,약효 감소,자몽주스와 함께 복용하지 마십시오.,-,K-Pharm API (AI Processed)
알러진정60밀리그램(펙소페나딘염산염),펙소페나딘염산염,항히스타민제,오렌지 주스,과일,warning,펙소페나딘의 흡수를 감소시킬 수 있습니다.,약효 감소,오렌지 주스와 함께 복용하지 마십시오.,-,K-Pharm API (AI Processed)
알러진정60밀리그램(펙소페나딘염산염),펙소페나딘염산염,항히스타민제,사과 주스,과일,warning,펙소페나딘의 흡수를 감소시킬 수 있습니다.,약효 감소,사과 주스와 함께 복용하지 마십시오.,-,K-Pharm API (AI Processed)
알러진정60밀리그램(펙소페나딘염산염),펙소페나딘염산염,항히스타민제,음식물,일반,caution,펙소페나딘의 흡수를 감소시킬 수 있습니다.,약효 감소,음식물과 함께 복용하지 마십시오.,-,K-Pharm API (AI Processed)
알러진정60밀리그램(펙소페나딘염산염),펙소페나딘염산염,항히스타민제,알코올,음료,caution,알코올과 함께 복용 시 졸음 등의 부작용이 증가할 수 있습니다.,부작용 증가,복용 전후 음주를 피하십시오.,-,K-Pharm API (AI Processed)
머슬펜에프정,Unknown,Unknown,알코올,알코올,warning,"알코올은 간 손상을 유발할 수 있으며, 머슬펜에프정의 아세트아미노펜 성분 또한 간 손상의 위험을 증가시킬 수 있습니다.",간 손상 위험 증가,복용 시 음주를 피하십시오.,-,K-Pharm API (AI Processed)
알보칼디정,Unknown,Unknown,녹차,차,warning,탄닌 성분이 약물 흡수를 방해할 수 있습니다.,약효 감소,녹차 복용 전후에는 복용을 피하십시오.,-,K-Pharm API (AI Processed)
알보칼디정,Unknown,Unknown,홍차,차,warning,탄닌 성분이 약물 흡수를 방해할 수 있습니다.,약효 감소,홍차 복용 전후에는 복용을 피하십시오.,-,K-Pharm API (AI Processed)
동성비타비플러스액,Unknown,Unknown,녹차,차,warning,탄닌 성분이 약물 흡수를 방해할 수 있습니다.,약효 감소,"복용 중, 복용 전후에는 녹차를 피하십시오.",-,K-Pharm API (AI Processed)
동성비타비플러스액,Unknown,Unknown,홍차,차,warning,탄닌 성분이 약물 흡수를 방해할 수 있습니다.,약효 감소,"복용 중, 복용 전후에는 홍차를 피하십시오.",-,K-Pharm API (AI Processed)
이로코딜정,알 수 없음,알 수 없음,우유,유제품,caution,제산제 또는 우유 섭취 후 1시간 이내에 복용하지 않도록 권고됨. 정확한 기전은 명시되지 않음.,약물 흡수 저해 가능성,우유 섭취 후 1시간 이후에 복용하십시오.,-,K-Pharm API (AI Processed)
본에디칼정,Unknown,Unknown,녹차,차,warning,탄닌 성분이 약물 흡수를 방해할 수 있습니다.,약효 감소,"복용 중, 복용 전후에는 녹차를 피하십시오.",-,K-Pharm API (AI Processed)
본에디칼정,Unknown,Unknown,홍차,차,warning,탄닌 성분이 약물 흡수를 방해할 수 있습니다.,약효 감소,"복용 중, 복용 전후에는 홍차를 피하십시오.",-,K-Pharm API (AI Processed)
메가원플러스정,Unknown,Unknown,녹차,차,warning,탄닌 성분이 약물 흡수를 방해할 수 있습니다.,약효 감소,"복용 중, 복용 전후에는 녹차를 피하십시오.",-,K-Pharm API (AI Processed)
메가원플러스정,Unknown,Unknown,홍차,차,warning,탄닌 성분이 약물 흡수를 방해할 수 있습니다.,약효 감소,"복용 중, 복용 전후에는 홍차를 피하십시오.",-,K-Pharm API (AI Processed)
알페딘정60밀리그램(펙소페나딘염산염),펙소페나딘염산염,항히스타민제,자몽주스,과일,warning,펙소페나딘의 흡수를 감소시킬 수 있습니다.,약효 감소,자몽주스와 함께 복용하지 마십시오.,-,K-Pharm API (AI Processed)
알페딘정60밀리그램(펙소페나딘염산염),펙소페나딘염산염,항히스타민제,오렌지 주스,과일,warning,펙소페나딘의 흡수를 감소시킬 수 있습니다.,약효 감소,오렌지 주스와 함께 복용하지 마십시오.,-,K-Pharm API (AI Processed)
알페딘정60밀리그램(펙소페나딘염산염),펙소페나딘염산염,항히스타민제,사과 주스,과일,warning,펙소페나딘의 흡수를 감소시킬 수 있습니다.,약효 감소,사과 주스와 함께 복용하지 마십시오.,-,K-Pharm API (AI Processed)
알페딘정60밀리그램(펙소페나딘염산염),펙소페나딘염산염,항히스타민제,음식물,일반,caution,펙소페나딘의 흡수를 감소시킬 수 있습니다.,약효 감소,음식물과 함께 복용하지 마십시오.,-,K-Pharm API (AI Processed)
알페딘정60밀리그램(펙소페나딘염산염),펙소페나딘염산염,항히스타민제,알코올,음료,caution,알코올과 함께 복용 시 졸음 등의 부작용이 증가할 수 있습니다.,부작용 증가,복용 전후에는 음주하지 마십시오.,-,K-Pharm API (AI Processed)
인크린에스정,Unknown,Unknown,우유,유제품,caution,제산제 복용 또는 우유 섭취 후 1시간 이내에 약물 흡수에 영향을 줄 수 있음.,약물 효과 감소 가능성.,제산제 복용 또는 우유 섭취 후 1시간 간격을 두고 복용하십시오.,-,K-Pharm API (AI Processed)
알리코비오틴정5밀리그램(비오틴),비오틴,비타민,날계란,계란,warning,알 수 없음,알 수 없음,함께 복용하지 마십시오.,-,K-Pharm API (AI Processed)
칼페온정,Unknown,Unknown,녹차,차,warning,탄닌 성분이 약물 흡수를 방해할 수 있습니다.,약효 감소,복용 전후에 녹차를 피하십시오.,-,K-Pharm API (AI Processed)
칼페온정,Unknown,Unknown,홍차,차,warning,탄닌 성분이 약물 흡수를 방해할 수 있습니다.,약효 감소,복용 전후에 홍차를 피하십시오.,-,K-Pharm API (AI Processed)
챔프콜드펜시럽,Unknown,감기약,알코올,음료,danger,알코올은 챔프콜드펜시럽의 부작용을 악화시키거나 간 손상의 위험을 증가시킬 수 있습니다.,"간 손상 위험 증가, 졸음 증가",복용 중에는 음주를 피하십시오.,-,K-Pharm API (AI Processed)
맥스콘드로이틴1200경구용겔(콘드로이틴설페이트나트륨),콘드로이틴설페이트나트륨,관절염 치료제,없음,없음,no_interaction,없음,없음,없음,-,K-Pharm API (AI Processed)
스파맥에스정,Unknown,Unknown,알코올,음료,danger,"알코올은 간 손상을 유발할 수 있으며, 스파맥에스정의 아세트아미노펜 성분 또한 간 손상의 위험을 증가시킬 수 있습니다.",간 손상 위험 증가,복용 시 음주를 피하십시오.,-,K-Pharm API (AI Processed)
판피린에이액,Unknown,감기약,알코올,음료,danger,알코올은 판피린에이액의 성분과 상호작용하여 부작용 위험을 증가시킬 수 있습니다.,"간 손상 위험 증가, 졸음 증가",복용 중에는 음주를 피하십시오.,-,K-Pharm API (AI Processed)
하디코플러스정,Unknown,Unknown,알코올,알코올,danger,알코올은 약물의 부작용을 증가시키고 간 손상을 악화시킬 수 있습니다.,"간 손상 위험 증가, 졸음 증가",복용 중 음주를 피하십시오.,-,K-Pharm API (AI Processed)
가넥트액,Unknown,Unknown,NO_INTERACTION,NO_INTERACTION,no_interaction,NO_INTERACTION,NO_INTERACTION,NO_INTERACTION,-,K-Pharm API (AI Processed)
아페린플러스비정,Unknown,Unknown,알코올,알코올,danger,아세트아미노펜의 간 독성 위험 증가,간 손상 위험 증가,복용 중에는 음주하지 마십시오.,-,K-Pharm API (AI Processed)
비스콘틴엠800정,Unknown,Unknown,녹차,차,warning,탄닌 성분이 약물 흡수를 방해할 수 있습니다.,약효 감소,"복용 중, 복용 전후에는 녹차를 피하십시오.",-,K-Pharm API (AI Processed)
비스콘틴엠800정,Unknown,Unknown,홍차,차,warning,탄닌 성분이 약물 흡수를 방해할 수 있습니다.,약효 감소,"복용 중, 복용 전후에는 홍차를 피하십시오.",-,K-Pharm API (AI Processed)
비스콘틴엠800정,Unknown,Unknown,탄닌을 함유하는 차,차,warning,탄닌 성분이 약물 흡수를 방해할 수 있습니다.,약효 감소,"복용 중, 복용 전후에는 탄닌을 함유하는 차를 피하십시오.",-,K-Pharm API (AI Processed)
아페린플러스비씨정,Unknown,Unknown,알코올,알코올,danger,간 손상 위험 증가,간 손상,복용 중에는 음주하지 마십시오.,-,K-Pharm API (AI Processed)
엠지엠피스정,Unknown,Unknown,알코올,알코올,danger,간 손상 위험 증가,간 손상,복용 중에는 음주하지 마십시오.,-,K-Pharm API (AI Processed)
치렉스정600밀리그램(디오스민),디오스민,혈관 보호제,대두유,유지류,danger,약물에 과민증을 유발할 수 있음.,알레르기 반응,복용하지 마십시오.,-,K-Pharm API (AI Processed)
치렉스정600밀리그램(디오스민),디오스민,혈관 보호제,콩,콩류,danger,약물에 과민증을 유발할 수 있음.,알레르기 반응,복용하지 마십시오.,-,K-Pharm API (AI Processed)
치렉스정600밀리그램(디오스민),디오스민,혈관 보호제,땅콩,견과류,danger,약물에 과민증을 유발할 수 있음.,알레르기 반응,복용하지 마십시오.,-,K-Pharm API (AI Processed)
현대아라미정,Unknown,Unknown,녹차,차,warning,탄닌 성분이 약물 흡수를 방해할 수 있습니다.,약효 감소,"복용 중, 복용 전후에는 녹차를 피하십시오.",-,K-Pharm API (AI Processed)
현대아라미정,Unknown,Unknown,홍차,차,warning,탄닌 성분이 약물 흡수를 방해할 수 있습니다.,약효 감소,"복용 중, 복용 전후에는 홍차를 피하십시오.",-,K-Pharm API (AI Processed)
다펜나이트연질캡슐,"이부프로펜, 디펜히드라민","해열진통제, 항히스타민제",알코올,음료,warning,위장 출혈 위험 증가,위장 출혈 가능성 증가,복용 중에는 음주하지 마십시오.,-,K-Pharm API (AI Processed)
오메코에프정,Unknown,Unknown,알코올,음료,danger,"알코올은 간 손상을 유발할 수 있으며, 오메코에프정의 아세트아미노펜 성분과 함께 복용 시 간 손상 위험을 증가시킬 수 있습니다.",간 손상 위험 증가,복용 시 음주를 피하십시오.,-,K-Pharm API (AI Processed)
마로씬정,알 수 없음,알 수 없음,우유,유제품,caution,흡수 감소 가능성,약효 감소 가능성,우유 섭취 후 1시간 이내에는 복용하지 마십시오.,-,K-Pharm API (AI Processed)
젤라펜에스정,아세트아미노펜,해열진통제,알코올,음료,danger,알코올은 아세트아미노펜의 간 독성을 증가시킬 수 있습니다.,간 손상 위험 증가,복용 시 음주를 피하십시오.,-,K-Pharm API (AI Processed)
콜드팡코프시럽,Unknown,Unknown,알코올,알코올,warning,알코올은 약물의 부작용을 증가시킬 수 있습니다.,"간 손상 위험 증가, 졸음 증가",복용 중에는 음주를 피하십시오.,-,K-Pharm API (AI Processed)
니오틴정(비오틴),비오틴,비타민,날계란,계란,warning,비오틴은 날계란에 함유된 아비딘과 결합하여 비오틴의 흡수를 방해할 수 있습니다.,비오틴의 효과 감소,날계란과 함께 복용하지 마십시오.,-,K-Pharm API (AI Processed)
팩트라민투엑스정,Unknown,Unknown,녹차,차,warning,탄닌 성분이 약물 흡수를 방해할 수 있습니다.,약물 효과 감소,복용 중 또는 복용 전후에는 녹차를 피하십시오.,-,K-Pharm API (AI Processed)
팩트라민투엑스정,Unknown,Unknown,홍차,차,warning,탄닌 성분이 약물 흡수를 방해할 수 있습니다.,약물 효과 감소,복용 중 또는 복용 전후에는 홍차를 피하십시오.,-,K-Pharm API (AI Processed)
마더스민정600밀리그램(디오스민),디오스민,"정맥 부전 치료제, 치질 치료제",대두유,유지류,danger,약물 성분에 대한 과민 반응,알레르기 반응,복용 금지,-,K-Pharm API (AI Processed)
마더스민정600밀리그램(디오스민),디오스민,"정맥 부전 치료제, 치질 치료제",콩,콩류,danger,약물 성분에 대한 과민 반응,알레르기 반응,복용 금지,-,K-Pharm API (AI Processed)
마더스민정600밀리그램(디오스민),디오스민,"정맥 부전 치료제, 치질 치료제",땅콩,견과류,danger,약물 성분에 대한 과민 반응,알레르기 반응,복용 금지,-,K-Pharm API (AI Processed)
트리멜라정,Unknown,Unknown,NO_INTERACTION,NO_INTERACTION,no_interaction,NO_INTERACTION,NO_INTERACTION,NO_INTERACTION,-,K-Pharm API (AI Processed)
현대아라비정,Unknown,Unknown,녹차,차,warning,탄닌 성분이 약물 흡수를 방해할 수 있습니다.,약효 감소,"복용 중, 복용 전후에는 녹차를 피하십시오.",-,K-Pharm API (AI Processed)
현대아라비정,Unknown,Unknown,홍차,차,warning,탄닌 성분이 약물 흡수를 방해할 수 있습니다.,약효 감소,"복용 중, 복용 전후에는 홍차를 피하십시오.",-,K-Pharm API (AI Processed)
트리븐정,Unknown,Unknown,NO_INTERACTION,NO_INTERACTION,no_interaction,NO_INTERACTION,NO_INTERACTION,NO_INTERACTION,-,K-Pharm API (AI Processed)
투엑스비트리플정,Unknown,Unknown,녹차,차,warning,탄닌 성분이 약물 흡수를 방해할 수 있습니다.,약효 감소,"복용 중, 복용 전후에는 녹차를 피하십시오.",-,K-Pharm API (AI Processed)
투엑스비트리플정,Unknown,Unknown,홍차,차,warning,탄닌 성분이 약물 흡수를 방해할 수 있습니다.,약효 감소,"복용 중, 복용 전후에는 홍차를 피하십시오.",-,K-Pharm API (AI Processed)
콜다나정,Unknown,Unknown,알코올,알코올,danger,알코올은 콜다나정의 성분과 상호작용하여 간 손상을 증가시킬 수 있습니다.,간 손상 위험 증가,복용 중에는 음주를 피하십시오.,-,K-Pharm API (AI Processed)
나들이시럽,Unknown,Unknown,알코올 음료,알코올,warning,알코올은 약물의 진정 효과를 증가시킬 수 있습니다.,"졸음 증가, 어지러움, 집중력 저하 등 부작용 증가.",알코올 음료를 마시지 마십시오.,-,K-Pharm API (AI Processed)
칼디맥정,Unknown,Unknown,녹차,차,caution,탄닌 성분이 칼슘 흡수를 방해할 수 있습니다.,약효 감소 가능성,"복용 중, 복용 전후에는 녹차를 피하십시오.",-,K-Pharm API (AI Processed)
칼디맥정,Unknown,Unknown,홍차,차,caution,탄닌 성분이 칼슘 흡수를 방해할 수 있습니다.,약효 감소 가능성,"복용 중, 복용 전후에는 홍차를 피하십시오.",-,K-Pharm API (AI Processed)
알레펙정60밀리그램(펙소페나딘염산염),펙소페나딘염산염,항히스타민제,자몽주스,과일,warning,펙소페나딘의 흡수를 감소시킬 수 있습니다.,약효 감소,자몽주스와 함께 복용하지 마십시오.,-,K-Pharm API (AI Processed)
알레펙정60밀리그램(펙소페나딘염산염),펙소페나딘염산염,항히스타민제,오렌지 주스,과일,warning,펙소페나딘의 흡수를 감소시킬 수 있습니다.,약효 감소,오렌지 주스와 함께 복용하지 마십시오.,-,K-Pharm API (AI Processed)
알레펙정60밀리그램(펙소페나딘염산염),펙소페나딘염산염,항히스타민제,사과 주스,과일,warning,펙소페나딘의 흡수를 감소시킬 수 있습니다.,약효 감소,사과 주스와 함께 복용하지 마십시오.,-,K-Pharm API (AI Processed)
알레펙정60밀리그램(펙소페나딘염산염),펙소페나딘염산염,항히스타민제,음식물,일반,warning,펙소페나딘의 흡수를 감소시킬 수 있습니다.,약효 감소,음식물과 함께 복용하지 마십시오.,-,K-Pharm API (AI Processed)
알레펙정60밀리그램(펙소페나딘염산염),펙소페나딘염산염,항히스타민제,알코올,음료,warning,알코올과 함께 복용 시 부작용이 증가할 수 있습니다.,"졸음, 어지러움 등의 부작용 증가",복용 전후에는 음주하지 마십시오.,-,K-Pharm API (AI Processed)
프리노즈에스정,Unknown,Unknown,알코올,음료,danger,알코올과 함께 복용 시 간 손상의 위험이 증가합니다.,간 손상,복용 중에는 음주하지 마십시오.,-,K-Pharm API (AI Processed)
차엠지연질캡슐,Unknown,Unknown,녹차,차,warning,탄닌 성분은 약물 흡수를 방해할 수 있습니다.,약효 감소,"복용 중, 복용 전후에는 녹차를 피하십시오.",-,K-Pharm API (AI Processed)
차엠지연질캡슐,Unknown,Unknown,홍차,차,warning,탄닌 성분은 약물 흡수를 방해할 수 있습니다.,약효 감소,"복용 중, 복용 전후에는 홍차를 피하십시오.",-,K-Pharm API (AI Processed)
장이더락캡슐,Unknown,Unknown,NO_INTERACTION,NO_INTERACTION,no_interaction,NO_INTERACTION,NO_INTERACTION,NO_INTERACTION,-,K-Pharm API (AI Processed)
렛잇비프로원정,Unknown,Unknown,녹차,차,warning,탄닌 성분이 약물 흡수를 방해할 수 있습니다.,약효 감소,"복용 중, 복용 전후에는 녹차를 피하십시오.",-,K-Pharm API (AI Processed)
렛잇비프로원정,Unknown,Unknown,홍차,차,warning,탄닌 성분이 약물 흡수를 방해할 수 있습니다.,약효 감소,"복용 중, 복용 전후에는 홍차를 피하십시오.",-,K-Pharm API (AI Processed)
투웰스정,Unknown,Unknown,녹차,차,warning,탄닌 성분이 약물 흡수를 방해할 수 있습니다.,약효 감소,"복용 중, 복용 전후에는 녹차를 피하십시오.",-,K-Pharm API (AI Processed)
투웰스정,Unknown,Unknown,홍차,차,warning,탄닌 성분이 약물 흡수를 방해할 수 있습니다.,약효 감소,"복용 중, 복용 전후에는 홍차를 피하십시오.",-,K-Pharm API (AI Processed)
비코그린에스플러스정,Unknown,Unknown,우유,유제품,caution,정제의 흡수를 방해할 수 있음.,약효 감소 가능성.,우유 섭취 후 1시간 이내에는 이 약을 복용하지 마십시오.,-,K-Pharm API (AI Processed)
파워비큐콘티뉴800정,Unknown,Unknown,녹차,차,warning,탄닌 성분이 약물 흡수를 방해할 수 있습니다.,약물 효과 감소,"복용 중, 복용 전후에는 녹차를 피하십시오.",-,K-Pharm API (AI Processed)
파워비큐콘티뉴800정,Unknown,Unknown,홍차,차,warning,탄닌 성분이 약물 흡수를 방해할 수 있습니다.,약물 효과 감소,"복용 중, 복용 전후에는 홍차를 피하십시오.",-,K-Pharm API (AI Processed)
파비안디정,Unknown,Unknown,알코올,알코올,danger,알코올은 파비안디정의 간 손상 위험을 증가시킬 수 있습니다.,간 손상 위험 증가,파비안디정을 복용하는 동안 음주를 피하십시오.,-,K-Pharm API (AI Processed)
이로스펜정,Unknown,Unknown,알코올,알코올,danger,알코올과 함께 복용 시 간 손상 위험 증가,간 손상,복용 중에는 음주하지 마십시오.,-,K-Pharm API (AI Processed)
러지엔톡액(세티리진염산염),세티리진염산염,항히스타민제,알코올,음료,warning,세티리진과 알코올의 병용은 중추신경계 억제 효과를 증가시킬 수 있습니다.,"졸음, 어지러움, 인지 능력 저하 등 부작용 증가.",알코올 섭취를 피하십시오.,-,K-Pharm API (AI Processed)
비피알레액(세티리진염산염),세티리진염산염,항히스타민제,알코올,음료,warning,"알코올은 중추신경계 억제 효과를 가지며, 세티리진과 함께 복용 시 졸음, 집중력 저하 등 부작용을 증가시킬 수 있습니다.","경계심 감소, 수행 능력 저하","알코올과 함께 복용하지 않도록 주의하고, 복용 전 의사 또는 약사와 상의하십시오.",-,K-Pharm API (AI Processed)
엑세라민에이정,Unknown,Unknown,녹차,차,warning,탄닌 성분이 약물 흡수를 방해할 수 있습니다.,약물 효과 감소,"복용 중, 복용 전후에는 녹차를 피하십시오.",-,K-Pharm API (AI Processed)
엑세라민에이정,Unknown,Unknown,홍차,차,warning,탄닌 성분이 약물 흡수를 방해할 수 있습니다.,약물 효과 감소,"복용 중, 복용 전후에는 홍차를 피하십시오.",-,K-Pharm API (AI Processed)
씨엠지암브록솔정(암브록솔염산염),암브록솔염산염,Unknown,NO_INTERACTION,NO_INTERACTION,no_interaction,NO_INTERACTION,NO_INTERACTION,NO_INTERACTION,-,K-Pharm API (AI Processed)
장제로큐장용정,Unknown,Unknown,우유,유제품,caution,약물 흡수 방해 가능성,약효 감소 가능성,우유 섭취 후 1시간 이내에는 이 약을 복용하지 마십시오.,-,K-Pharm API (AI Processed)
알레스타정120밀리그램(펙소페나딘염산염),펙소페나딘염산염,항히스타민제,자몽주스,과일,caution,펙소페나딘의 흡수를 감소시킬 수 있음.,약효 감소 가능성.,자몽주스 대신 물과 함께 복용하십시오.,물,K-Pharm API (AI Processed)
알레스타정120밀리그램(펙소페나딘염산염),펙소페나딘염산염,항히스타민제,오렌지주스,과일,caution,펙소페나딘의 흡수를 감소시킬 수 있음.,약효 감소 가능성.,오렌지주스 대신 물과 함께 복용하십시오.,물,K-Pharm API (AI Processed)
알레스타정120밀리그램(펙소페나딘염산염),펙소페나딘염산염,항히스타민제,사과주스,과일,caution,펙소페나딘의 흡수를 감소시킬 수 있음.,약효 감소 가능성.,사과주스 대신 물과 함께 복용하십시오.,물,K-Pharm API (AI Processed)
이브400원큐에스연질캡슐(이부프로펜),이부프로펜,비스테로이드성 소염진통제(NSAIDs),알코올,알코올,caution,위장 출혈 위험 증가,위장 출혈 가능성 증가,"매일 세 잔 이상 정기적으로 음주하는 경우, 이 약 복용 전 의사 또는 약사와 상의하십시오.",-,K-Pharm API (AI Processed)
엘비페롤정,Unknown,Unknown,녹차,차,warning,탄닌 성분이 약물 흡수를 방해할 수 있습니다.,약효 감소,"복용 중, 복용 전후에는 녹차를 피하십시오.",-,K-Pharm API (AI Processed)
엘비페롤정,Unknown,Unknown,홍차,차,warning,탄닌 성분이 약물 흡수를 방해할 수 있습니다.,약효 감소,"복용 중, 복용 전후에는 홍차를 피하십시오.",-,K-Pharm API (AI Processed)
메가콘티800정,Unknown,Unknown,녹차,차,warning,탄닌 성분이 약물 흡수를 방해할 수 있습니다.,약물 효과 감소,"복용 중, 복용 전후에는 녹차를 피하십시오.",-,K-Pharm API (AI Processed)
메가콘티800정,Unknown,Unknown,홍차,차,warning,탄닌 성분이 약물 흡수를 방해할 수 있습니다.,약물 효과 감소,"복용 중, 복용 전후에는 홍차를 피하십시오.",-,K-Pharm API (AI Processed)
툴스블라인정 ,Unknown,Unknown,NO_INTERACTION,NO_INTERACTION,no_interaction,NO_INTERACTION,NO_INTERACTION,NO_INTERACTION,-,K-Pharm API (AI Processed)
씨엠지씽씽시럽,Unknown,Unknown,알코올 음료,알코올,warning,알코올은 약물의 진정 효과를 증가시킬 수 있습니다.,"과도한 졸음, 어지러움, 호흡 억제 등의 부작용이 나타날 수 있습니다.",알코올 음료를 마시지 마십시오.,-,K-Pharm API (AI Processed)
마하펜정500밀리그램(아세트아미노펜),아세트아미노펜,해열진통제,알코올,알코올,danger,간 손상 위험 증가,간 손상,알코올을 복용하는 사람은 이 약을 복용하지 마십시오.,-,K-Pharm API (AI Processed)
인코드아이연질캡슐,비타민 A,비타민,Unknown,Unknown,caution,"정상적인 식이를 통해 비타민 A가 충분히 공급되므로, 과다 복용에 주의해야 함.",비타민 A 과다 복용 시 선천성 기형 유발 가능성.,"비타민 A 보충제 복용 시 1일 5,000 IU를 초과하지 않도록 주의.",-,K-Pharm API (AI Processed)
마그포스스피드액,Unknown,Unknown,녹차,차,warning,탄닌 성분이 약물 흡수를 방해할 수 있습니다.,약효 감소,"복용 중, 복용 전후에는 녹차를 피하십시오.",-,K-Pharm API (AI Processed)
마그포스스피드액,Unknown,Unknown,홍차,차,warning,탄닌 성분이 약물 흡수를 방해할 수 있습니다.,약효 감소,"복용 중, 복용 전후에는 홍차를 피하십시오.",-,K-Pharm API (AI Processed)
임팩스피드액,Unknown,Unknown,녹차,차,warning,탄닌 성분이 약물 흡수를 방해할 수 있습니다.,약물 효과 감소,"복용 중, 복용 전후에는 녹차를 피하십시오.",-,K-Pharm API (AI Processed)
임팩스피드액,Unknown,Unknown,홍차,차,warning,탄닌 성분이 약물 흡수를 방해할 수 있습니다.,약물 효과 감소,"복용 중, 복용 전후에는 홍차를 피하십시오.",-,K-Pharm API (AI Processed)
콘드럭알파정,Unknown,Unknown,Unknown,Unknown,no_interaction,NO_INTERACTION,NO_INTERACTION,NO_INTERACTION,-,K-Pharm API (AI Processed)
알레톡정60밀리그램(펙소페나딘염산염),펙소페나딘염산염,항히스타민제,자몽주스,과일,caution,펙소페나딘의 흡수를 감소시킬 수 있습니다.,약효 감소,자몽주스와 함께 복용하지 마십시오.,-,K-Pharm API (AI Processed)
알레톡정60밀리그램(펙소페나딘염산염),펙소페나딘염산염,항히스타민제,오렌지 주스,과일,caution,펙소페나딘의 흡수를 감소시킬 수 있습니다.,약효 감소,오렌지 주스와 함께 복용하지 마십시오.,-,K-Pharm API (AI Processed)
알레톡정60밀리그램(펙소페나딘염산염),펙소페나딘염산염,항히스타민제,사과 주스,과일,caution,펙소페나딘의 흡수를 감소시킬 수 있습니다.,약효 감소,사과 주스와 함께 복용하지 마십시오.,-,K-Pharm API (AI Processed)
알레톡정60밀리그램(펙소페나딘염산염),펙소페나딘염산염,항히스타민제,음식물,일반,caution,펙소페나딘의 흡수를 감소시킬 수 있습니다.,약효 감소,음식물과 함께 복용하지 마십시오.,-,K-Pharm API (AI Processed)
알레톡정60밀리그램(펙소페나딘염산염),펙소페나딘염산염,항히스타민제,알코올,음료,caution,알코올과 함께 복용 시 졸음 등의 부작용이 증가할 수 있습니다.,부작용 증가,복용 중에는 음주하지 마십시오.,-,K-Pharm API (AI Processed)
콜록키즈펜시럽(아세트아미노펜),아세트아미노펜,해열진통제,알코올,음료,danger,아세트아미노펜과 알코올은 간 손상의 위험을 증가시킵니다.,간 손상 위험 증가,매일 세 잔 이상 정기적으로 음주하는 사람은 이 약을 복용하지 마십시오.,-,K-Pharm API (AI Processed)
쎌레타민정,Unknown,Unknown,녹차,차,warning,탄닌 성분이 약물 흡수를 방해할 수 있습니다.,약효 감소,"복용 중, 복용 전후에는 녹차를 피하십시오.",-,K-Pharm API (AI Processed)
쎌레타민정,Unknown,Unknown,홍차,차,warning,탄닌 성분이 약물 흡수를 방해할 수 있습니다.,약효 감소,"복용 중, 복용 전후에는 홍차를 피하십시오.",-,K-Pharm API (AI Processed)
투엠비액티브정,Unknown,Unknown,녹차,차,warning,탄닌 성분은 약물 흡수를 방해할 수 있습니다.,약물 효과 감소,"복용 중, 복용 전후에는 녹차를 피하십시오.",-,K-Pharm API (AI Processed)
투엠비액티브정,Unknown,Unknown,홍차,차,warning,탄닌 성분은 약물 흡수를 방해할 수 있습니다.,약물 효과 감소,"복용 중, 복용 전후에는 홍차를 피하십시오.",-,K-Pharm API (AI Processed)
알레펙정120밀리그램(펙소페나딘염산염),펙소페나딘염산염,항히스타민제,자몽주스,과일,warning,펙소페나딘의 흡수를 감소시킬 수 있습니다.,약효 감소,자몽주스와 함께 복용하지 마십시오.,-,K-Pharm API (AI Processed)
알레펙정120밀리그램(펙소페나딘염산염),펙소페나딘염산염,항히스타민제,오렌지 주스,과일,warning,펙소페나딘의 흡수를 감소시킬 수 있습니다.,약효 감소,오렌지 주스와 함께 복용하지 마십시오.,-,K-Pharm API (AI Processed)
알레펙정120밀리그램(펙소페나딘염산염),펙소페나딘염산염,항히스타민제,사과 주스,과일,warning,펙소페나딘의 흡수를 감소시킬 수 있습니다.,약효 감소,사과 주스와 함께 복용하지 마십시오.,-,K-Pharm API (AI Processed)
파세몰정(아세트아미노펜),아세트아미노펜,해열진통제,알코올,알코올,danger,아세트아미노펜과 알코올의 병용은 간 손상의 위험을 증가시킵니다.,간 손상 위험 증가,매일 세 잔 이상 정기적으로 음주하는 사람은 이 약을 복용하기 전에 의사 또는 약사와 상의하십시오.,-,K-Pharm API (AI Processed)
메코조인콘드로800정,Unknown,Unknown,녹차,차,warning,탄닌 성분이 약물 흡수를 방해할 수 있습니다.,약효 감소,"복용 중, 복용 전후에는 녹차를 피하십시오.",-,K-Pharm API (AI Processed)
메코조인콘드로800정,Unknown,Unknown,홍차,차,warning,탄닌 성분이 약물 흡수를 방해할 수 있습니다.,약효 감소,"복용 중, 복용 전후에는 홍차를 피하십시오.",-,K-Pharm API (AI Processed)
동성비타비플러스액,Unknown,Unknown,녹차,차,warning,탄닌 성분이 약물 흡수를 방해할 수 있습니다.,약효 감소,"복용 중, 복용 전후에는 녹차를 피하십시오.",-,K-Pharm API (AI Processed)
동성비타비플러스액,Unknown,Unknown,홍차,차,warning,탄닌 성분이 약물 흡수를 방해할 수 있습니다.,약효 감소,"복용 중, 복용 전후에는 홍차를 피하십시오.",-,K-Pharm API (AI Processed)
이로코딜정,알 수 없음,알 수 없음,우유,유제품,caution,제산제 또는 우유 섭취 후 1시간 이내에 복용하지 않도록 권고됨. 정확한 기전은 명시되지 않음.,약물 흡수 저해 가능성,우유 섭취 후 1시간 이후에 복용하십시오.,-,K-Pharm API (AI Processed)
본에디칼정,Unknown,Unknown,녹차,차,warning,탄닌 성분이 약물 흡수를 방해할 수 있습니다.,약효 감소,녹차 복용 전후에는 피하십시오.,-,K-Pharm API (AI Processed)
본에디칼정,Unknown,Unknown,홍차,차,warning,탄닌 성분이 약물 흡수를 방해할 수 있습니다.,약효 감소,홍차 복용 전후에는 피하십시오.,-,K-Pharm API (AI Processed)
메가원플러스정,Unknown,Unknown,녹차,차,warning,탄닌 성분이 약물 흡수를 방해할 수 있습니다.,약효 감소,"복용 중, 복용 전후에는 녹차를 피하십시오.",-,K-Pharm API (AI Processed)
메가원플러스정,Unknown,Unknown,홍차,차,warning,탄닌 성분이 약물 흡수를 방해할 수 있습니다.,약효 감소,"복용 중, 복용 전후에는 홍차를 피하십시오.",-,K-Pharm API (AI Processed)
알페딘정60밀리그램(펙소페나딘염산염),펙소페나딘염산염,항히스타민제,자몽주스,과일,warning,펙소페나딘의 흡수를 감소시킬 수 있습니다.,약효 감소,자몽주스와 함께 복용하지 마십시오.,-,K-Pharm API (AI Processed)
알페딘정60밀리그램(펙소페나딘염산염),펙소페나딘염산염,항히스타민제,오렌지 주스,과일,warning,펙소페나딘의 흡수를 감소시킬 수 있습니다.,약효 감소,오렌지 주스와 함께 복용하지 마십시오.,-,K-Pharm API (AI Processed)
알페딘정60밀리그램(펙소페나딘염산염),펙소페나딘염산염,항히스타민제,사과 주스,과일,warning,펙소페나딘의 흡수를 감소시킬 수 있습니다.,약효 감소,사과 주스와 함께 복용하지 마십시오.,-,K-Pharm API (AI Processed)
알페딘정60밀리그램(펙소페나딘염산염),펙소페나딘염산염,항히스타민제,음식물,일반,caution,펙소페나딘의 흡수를 감소시킬 수 있습니다.,약효 감소,음식물과 함께 복용하지 마십시오.,-,K-Pharm API (AI Processed)
알페딘정60밀리그램(펙소페나딘염산염),펙소페나딘염산염,항히스타민제,알코올,음료,caution,알코올과 함께 복용 시 졸음 등의 부작용이 증가할 수 있습니다.,부작용 증가,복용 전후에는 음주하지 마십시오.,-,K-Pharm API (AI Processed)
비타임트리플엠지정,Unknown,Unknown,녹차,차,warning,탄닌 성분이 약물 흡수를 방해할 수 있습니다.,약효 감소,"복용 중, 복용 전후에는 녹차를 피하십시오.",-,K-Pharm API (AI Processed)
비타임트리플엠지정,Unknown,Unknown,홍차,차,warning,탄닌 성분이 약물 흡수를 방해할 수 있습니다.,약효 감소,"복용 중, 복용 전후에는 홍차를 피하십시오.",-,K-Pharm API (AI Processed)
타이리빈산,Unknown,Unknown,알코올,알코올,danger,간 손상 위험 증가,간 손상 위험 증가,복용 중에는 음주하지 마십시오.,-,K-Pharm API (AI Processed)
마그원매코정,Unknown,Unknown,녹차,차,warning,탄닌 성분이 약물 흡수를 방해할 수 있습니다.,약효 감소,복용 중 또는 복용 전후에는 녹차를 피하십시오.,-,K-Pharm API (AI Processed)
마그원매코정,Unknown,Unknown,홍차,차,warning,탄닌 성분이 약물 흡수를 방해할 수 있습니다.,약효 감소,복용 중 또는 복용 전후에는 홍차를 피하십시오.,-,K-Pharm API (AI Processed)
이엠지스피드더블액션액,Unknown,Unknown,녹차,차,warning,탄닌 성분이 약물 흡수를 방해할 수 있습니다.,약효 감소,"복용 중, 복용 전후에는 녹차를 피하십시오.",-,K-Pharm API (AI Processed)
이엠지스피드더블액션액,Unknown,Unknown,홍차,차,warning,탄닌 성분이 약물 흡수를 방해할 수 있습니다.,약효 감소,"복용 중, 복용 전후에는 홍차를 피하십시오.",-,K-Pharm API (AI Processed)
에카슬림정,Unknown,Unknown,알코올,알코올,danger,알코올은 간 손상을 악화시키고 약물의 부작용을 증가시킬 수 있습니다.,"간 손상 위험 증가, 부작용 증가",복용 중에는 음주를 피하십시오.,-,K-Pharm API (AI Processed)
메가트루육삼삼정,Unknown,Unknown,녹차,차,warning,탄닌 성분이 약물 흡수를 방해할 수 있습니다.,약효 감소,"복용 중, 복용 전후에는 녹차를 피하십시오.",-,K-Pharm API (AI Processed)
메가트루육삼삼정,Unknown,Unknown,홍차,차,warning,탄닌 성분이 약물 흡수를 방해할 수 있습니다.,약효 감소,"복용 중, 복용 전후에는 홍차를 피하십시오.",-,K-Pharm API (AI Processed)
